{
  "scene-0003": {
    "steer_rmse": 0.08564559990013342,
    "accel_rmse": 0.07602633913158753,
    "n": 40
  },
  "scene-0012": {
    "steer_rmse": 0.06337945657413373,
    "accel_rmse": 0.05528784399678128,
    "n": 40
  },
  "scene-0013": {
    "steer_rmse": 0.04801640392270976,
    "accel_rmse": 0.058269903138914635,
    "n": 40
  },
  "scene-0014": {
    "steer_rmse": 0.050764655489629405,
    "accel_rmse": 0.07659128115514384,
    "n": 40
  },
  "scene-0015": {
    "steer_rmse": 0.03891458185308155,
    "accel_rmse": 0.053578665775963104,
    "n": 40
  },
  "scene-0016": {
    "steer_rmse": 0.11909254549456208,
    "accel_rmse": 0.05365972284745677,
    "n": 40
  },
  "scene-0017": {
    "steer_rmse": 0.08416801364906361,
    "accel_rmse": 0.07698635607015222,
    "n": 40
  },
  "scene-0018": {
    "steer_rmse": 0.5871413684658366,
    "accel_rmse": 0.06827016283412868,
    "n": 40
  },
  "scene-0035": {
    "steer_rmse": 0.035089629399629306,
    "accel_rmse": 0.0446864206162305,
    "n": 40
  },
  "scene-0036": {
    "steer_rmse": 0.06120013065597141,
    "accel_rmse": 0.03989339245155149,
    "n": 40
  },
  "scene-0038": {
    "steer_rmse": 0.1218625088746724,
    "accel_rmse": 0.05726118848108502,
    "n": 40
  },
  "scene-0039": {
    "steer_rmse": 0.049153890310888994,
    "accel_rmse": 0.07163917261626171,
    "n": 40
  },
  "scene-0092": {
    "steer_rmse": 0.017025175086481683,
    "accel_rmse": 0.030000080246979255,
    "n": 40
  },
  "scene-0093": {
    "steer_rmse": 0.15558998484221148,
    "accel_rmse": 0.03879873745058371,
    "n": 39
  },
  "scene-0094": {
    "steer_rmse": 0.017910031197656745,
    "accel_rmse": 0.05191877728835761,
    "n": 40
  },
  "scene-0095": {
    "steer_rmse": 0.023254603639962547,
    "accel_rmse": 0.037554259905007936,
    "n": 39
  },
  "scene-0096": {
    "steer_rmse": 0.023163298667326093,
    "accel_rmse": 0.08282218729857867,
    "n": 39
  },
  "scene-0097": {
    "steer_rmse": 0.02076137899301766,
    "accel_rmse": 0.06439959596318001,
    "n": 39
  },
  "scene-0098": {
    "steer_rmse": 0.017877514153945718,
    "accel_rmse": 0.04144756569469018,
    "n": 39
  },
  "scene-0099": {
    "steer_rmse": 0.11238613708243264,
    "accel_rmse": 0.05962340615734328,
    "n": 39
  },
  "scene-0100": {
    "steer_rmse": 0.03421930892557403,
    "accel_rmse": 0.06579831254720113,
    "n": 40
  },
  "scene-0101": {
    "steer_rmse": 0.03202230541285215,
    "accel_rmse": 0.05653736370208006,
    "n": 40
  },
  "scene-0102": {
    "steer_rmse": 0.10211236457302113,
    "accel_rmse": 0.05495445863244262,
    "n": 40
  },
  "scene-0103": {
    "steer_rmse": 0.020691478167491815,
    "accel_rmse": 0.1157595403460393,
    "n": 40
  },
  "scene-0104": {
    "steer_rmse": 0.05299618551750024,
    "accel_rmse": 0.06384429662000779,
    "n": 39
  },
  "scene-0105": {
    "steer_rmse": 0.05057466615980417,
    "accel_rmse": 0.03774690246325742,
    "n": 39
  },
  "scene-0106": {
    "steer_rmse": 0.04623924074900507,
    "accel_rmse": 0.0524763035919031,
    "n": 40
  },
  "scene-0107": {
    "steer_rmse": 0.03552868615919525,
    "accel_rmse": 0.05326906070452524,
    "n": 40
  },
  "scene-0108": {
    "steer_rmse": 0.26284266131693,
    "accel_rmse": 0.06237748620346947,
    "n": 39
  },
  "scene-0109": {
    "steer_rmse": 0.1127090044355048,
    "accel_rmse": 0.05074851216307845,
    "n": 40
  },
  "scene-0110": {
    "steer_rmse": 0.029523426524298763,
    "accel_rmse": 0.03692118350688726,
    "n": 40
  },
  "scene-0221": {
    "steer_rmse": 0.2890072475552367,
    "accel_rmse": 0.08058662949345813,
    "n": 39
  },
  "scene-0268": {
    "steer_rmse": 0.07292974920792654,
    "accel_rmse": 0.07143132781963878,
    "n": 39
  },
  "scene-0269": {
    "steer_rmse": 0.14582507992596683,
    "accel_rmse": 0.05472760560355441,
    "n": 40
  },
  "scene-0270": {
    "steer_rmse": 0.05520911244285933,
    "accel_rmse": 0.051527575945595684,
    "n": 40
  },
  "scene-0271": {
    "steer_rmse": 0.11508090811752958,
    "accel_rmse": 0.09100123478749572,
    "n": 39
  },
  "scene-0272": {
    "steer_rmse": 0.11522876058697991,
    "accel_rmse": 0.07246454023003698,
    "n": 39
  },
  "scene-0273": {
    "steer_rmse": 0.07168437490195069,
    "accel_rmse": 0.07915764480853987,
    "n": 39
  },
  "scene-0274": {
    "steer_rmse": 0.04367508653452781,
    "accel_rmse": 0.062112695044022226,
    "n": 40
  },
  "scene-0275": {
    "steer_rmse": 0.08661701511082069,
    "accel_rmse": 0.04679250917507479,
    "n": 40
  },
  "scene-0276": {
    "steer_rmse": 0.11656853681621315,
    "accel_rmse": 0.09291866972350038,
    "n": 40
  },
  "scene-0277": {
    "steer_rmse": 0.04998448967621145,
    "accel_rmse": 0.0763685712174704,
    "n": 40
  },
  "scene-0278": {
    "steer_rmse": 0.1492414108410661,
    "accel_rmse": 0.09972854061336327,
    "n": 40
  },
  "scene-0329": {
    "steer_rmse": 0.33930655258647535,
    "accel_rmse": 0.07580800547442715,
    "n": 39
  },
  "scene-0330": {
    "steer_rmse": 0.08594995010628004,
    "accel_rmse": 0.06284607194048816,
    "n": 39
  },
  "scene-0331": {
    "steer_rmse": 0.4905349332023431,
    "accel_rmse": 0.08988899395981868,
    "n": 39
  },
  "scene-0332": {
    "steer_rmse": 0.07038255794933646,
    "accel_rmse": 0.056346687176113804,
    "n": 40
  },
  "scene-0344": {
    "steer_rmse": 0.015960172188451582,
    "accel_rmse": 0.023323161635623403,
    "n": 40
  },
  "scene-0345": {
    "steer_rmse": 0.10937851215101382,
    "accel_rmse": 0.07628392804587249,
    "n": 39
  },
  "scene-0346": {
    "steer_rmse": 0.058937694839574756,
    "accel_rmse": 0.09376620615936652,
    "n": 40
  },
  "scene-0519": {
    "steer_rmse": 0.01891939451058905,
    "accel_rmse": 0.058621865621073736,
    "n": 41
  },
  "scene-0520": {
    "steer_rmse": 0.02286006891955829,
    "accel_rmse": 0.051430245161103894,
    "n": 41
  },
  "scene-0521": {
    "steer_rmse": 0.020841665748560948,
    "accel_rmse": 0.06256732207457777,
    "n": 40
  },
  "scene-0522": {
    "steer_rmse": 0.03703820551983787,
    "accel_rmse": 0.05699420620160141,
    "n": 40
  },
  "scene-0523": {
    "steer_rmse": 0.08858367054121302,
    "accel_rmse": 0.05142160924468032,
    "n": 40
  },
  "scene-0524": {
    "steer_rmse": 0.03892157643643621,
    "accel_rmse": 0.03752582207961291,
    "n": 41
  },
  "scene-0552": {
    "steer_rmse": 0.2267582813106192,
    "accel_rmse": 0.08922125725053313,
    "n": 41
  },
  "scene-0553": {
    "steer_rmse": 0.04093041966976969,
    "accel_rmse": 0.029913893688950987,
    "n": 41
  },
  "scene-0554": {
    "steer_rmse": 0.010306987740741609,
    "accel_rmse": 0.043702867898387954,
    "n": 41
  },
  "scene-0555": {
    "steer_rmse": 0.04065026301820315,
    "accel_rmse": 0.12516143196560606,
    "n": 40
  },
  "scene-0556": {
    "steer_rmse": 0.32996616600129614,
    "accel_rmse": 0.07397136110719468,
    "n": 40
  },
  "scene-0557": {
    "steer_rmse": 0.2595820644452539,
    "accel_rmse": 0.07296069498395802,
    "n": 40
  },
  "scene-0558": {
    "steer_rmse": 0.35999897723789237,
    "accel_rmse": 0.06321394561875725,
    "n": 41
  },
  "scene-0559": {
    "steer_rmse": 0.04244967125873612,
    "accel_rmse": 0.06544043749812695,
    "n": 41
  },
  "scene-0560": {
    "steer_rmse": 0.06373788324388775,
    "accel_rmse": 0.09863472612776346,
    "n": 40
  },
  "scene-0561": {
    "steer_rmse": 0.16773155407628104,
    "accel_rmse": 0.06252178690998643,
    "n": 40
  },
  "scene-0562": {
    "steer_rmse": 0.057583508410714336,
    "accel_rmse": 0.052317834262903214,
    "n": 40
  },
  "scene-0563": {
    "steer_rmse": 0.17860736276715553,
    "accel_rmse": 0.09244666882811887,
    "n": 40
  },
  "scene-0564": {
    "steer_rmse": 0.14106006139049984,
    "accel_rmse": 0.1189899851494829,
    "n": 40
  },
  "scene-0565": {
    "steer_rmse": 0.12039337233023499,
    "accel_rmse": 0.05202724541356885,
    "n": 40
  },
  "scene-0625": {
    "steer_rmse": 0.08479637759351491,