{"train_loss": [0.018950974567080902, 0.014660983223795316, 0.01308677233075682, 0.012027608097866745, 0.010899658789361368, 0.010094257399538436, 0.00936275796021114, 0.008849500805046895, 0.008206118258650983, 0.00795338833760627, 0.007662342898726965, 0.0071901496005537064, 0.006942754865964337, 0.006534318972118961, 0.006406875130355454, 0.006287308921645228, 0.006014645833565416, 0.00584595364926034, 0.005788451212623059, 0.005539954742928537, 0.005482728644380644, 0.005143895892129753, 0.005096587778666425, 0.0048202517609393265, 0.004770163462093459, 0.004764874876061035, 0.004584690759827394, 0.004443693402302861, 0.004236484823297938, 0.004244139130764095, 0.004236416254570649, 0.004053065712824076, 0.003924587770315493, 0.003852758824980694, 0.0038638962328888258, 0.003664089817754742, 0.0036132004924530944, 0.003567383627041523, 0.003417617479818165, 0.0033456227543767177, 0.0033534186015804395, 0.0032565390275372135, 0.0030398694863165605, 0.0031420097407103002, 0.0031406999574626754, 0.0029511502110300307, 0.0028944995591616445, 0.0029501512301491773, 0.0028655467984164593, 0.0029022316444654735], "val_loss": [0.017119299877371284, 0.015720795791455206, 0.014540284133580297, 0.012591881673885748, 0.012381307058770866, 0.013324224125460445, 0.014909829272267123, 0.012841918683459512, 0.015064984068501335, 0.012721531262488544, 0.013070832880530858, 0.01387281583904214, 0.014248156695160837, 0.013723249077228768, 0.016473378960717266, 0.013600932182899783, 0.012403787505638343, 0.013909545993671047, 0.014285957520341775, 0.014499659091207373, 0.013559642817856921, 0.014207388539492648, 0.013527489306333271, 0.012862978837684676, 0.014761748963493254, 0.014796768753248032, 0.013844388879377995, 0.012320763437750761, 0.013731518460675942, 0.013872688297537248, 0.013858823238924229, 0.013607619049467999, 0.013103474348016396, 0.013194336089923838, 0.013301315631395793, 0.013991304397802332, 0.013293824703475555, 0.012315585396670827, 0.012782103689256847, 0.013982489156328168, 0.012810416545581517, 0.012932373327829224, 0.012639968494462122, 0.012483812321447582, 0.014108605846537966, 0.012642684412488297, 0.01400186896048303, 0.01361554533079849, 0.012989295786845953, 0.013534803372053584]}