{
  "scene-0003": {
    "steer_rmse": 0.06678958634037765,
    "accel_rmse": 0.07222552162917313,
    "n": 40
  },
  "scene-0012": {
    "steer_rmse": 0.06572072363094057,
    "accel_rmse": 0.03967383895817893,
    "n": 40
  },
  "scene-0013": {
    "steer_rmse": 0.060237934108266195,
    "accel_rmse": 0.05150320844416242,
    "n": 40
  },
  "scene-0014": {
    "steer_rmse": 0.10769444534399186,
    "accel_rmse": 0.05931843465461008,
    "n": 40
  },
  "scene-0015": {
    "steer_rmse": 0.054429591964888654,
    "accel_rmse": 0.06675009918493616,
    "n": 40
  },
  "scene-0016": {
    "steer_rmse": 0.07561831520114085,
    "accel_rmse": 0.06327863118932757,
    "n": 40
  },
  "scene-0017": {
    "steer_rmse": 0.08585104815860248,
    "accel_rmse": 0.06869762114435685,
    "n": 40
  },
  "scene-0018": {
    "steer_rmse": 0.5217487543157795,
    "accel_rmse": 0.09737740215678839,
    "n": 40
  },
  "scene-0035": {
    "steer_rmse": 0.05204855997676351,
    "accel_rmse": 0.056786438104065785,
    "n": 40
  },
  "scene-0036": {
    "steer_rmse": 0.059625358810716185,
    "accel_rmse": 0.0495114426071412,
    "n": 40
  },
  "scene-0038": {
    "steer_rmse": 0.11493365937816179,
    "accel_rmse": 0.05787304140268576,
    "n": 40
  },
  "scene-0039": {
    "steer_rmse": 0.06071624318422124,
    "accel_rmse": 0.05872826355161325,
    "n": 40
  },
  "scene-0092": {
    "steer_rmse": 0.018224966785956104,
    "accel_rmse": 0.043693294901511484,
    "n": 40
  },
  "scene-0093": {
    "steer_rmse": 0.07023697282628079,
    "accel_rmse": 0.05645051067471334,
    "n": 39
  },
  "scene-0094": {
    "steer_rmse": 0.027894169797275135,
    "accel_rmse": 0.037466015607339524,
    "n": 40
  },
  "scene-0095": {
    "steer_rmse": 0.01716365443658129,
    "accel_rmse": 0.049942887593000036,
    "n": 39
  },
  "scene-0096": {
    "steer_rmse": 0.02936678976892016,
    "accel_rmse": 0.08929405732792944,
    "n": 39
  },
  "scene-0097": {
    "steer_rmse": 0.034252923111422785,
    "accel_rmse": 0.07937547715727379,
    "n": 39
  },
  "scene-0098": {
    "steer_rmse": 0.030260743002960173,
    "accel_rmse": 0.04047627864393244,
    "n": 39
  },
  "scene-0099": {
    "steer_rmse": 0.12862366677678694,
    "accel_rmse": 0.06086101884931157,
    "n": 39
  },
  "scene-0100": {
    "steer_rmse": 0.016512860543635453,
    "accel_rmse": 0.029118488112032954,
    "n": 40
  },
  "scene-0101": {
    "steer_rmse": 0.03923509183888564,
    "accel_rmse": 0.06715311134357055,
    "n": 40
  },
  "scene-0102": {
    "steer_rmse": 0.09675568589676173,
    "accel_rmse": 0.06937617138242008,
    "n": 40
  },
  "scene-0103": {
    "steer_rmse": 0.024634100099708546,
    "accel_rmse": 0.11638484253262785,
    "n": 40
  },
  "scene-0104": {
    "steer_rmse": 0.033458738458462804,
    "accel_rmse": 0.07779514306918155,
    "n": 39
  },
  "scene-0105": {
    "steer_rmse": 0.03347546352011706,
    "accel_rmse": 0.047422765308084244,
    "n": 39
  },
  "scene-0106": {
    "steer_rmse": 0.07564166963879729,
    "accel_rmse": 0.058472535260689275,
    "n": 40
  },
  "scene-0107": {
    "steer_rmse": 0.07955981805742822,
    "accel_rmse": 0.05559041408778225,
    "n": 40
  },
  "scene-0108": {
    "steer_rmse": 0.2240909455981105,
    "accel_rmse": 0.0841849222207272,
    "n": 39
  },
  "scene-0109": {
    "steer_rmse": 0.13367139489687546,
    "accel_rmse": 0.06562716613764755,
    "n": 40
  },
  "scene-0110": {
    "steer_rmse": 0.026827282281367867,
    "accel_rmse": 0.04021411286167793,
    "n": 40
  },
  "scene-0221": {
    "steer_rmse": 0.22209041792692397,
    "accel_rmse": 0.1057342123725106,
    "n": 39
  },
  "scene-0268": {
    "steer_rmse": 0.09611603956467177,
    "accel_rmse": 0.10617623420597208,
    "n": 39
  },
  "scene-0269": {
    "steer_rmse": 0.14959303613993527,
    "accel_rmse": 0.07905384534448134,
    "n": 40
  },
  "scene-0270": {
    "steer_rmse": 0.06161772339903152,
    "accel_rmse": 0.049012419765745045,
    "n": 40
  },
  "scene-0271": {
    "steer_rmse": 0.09272219196903801,
    "accel_rmse": 0.11634716197417899,
    "n": 39
  },
  "scene-0272": {
    "steer_rmse": 0.13619768831992812,
    "accel_rmse": 0.06362352313508071,
    "n": 39
  },
  "scene-0273": {
    "steer_rmse": 0.0549534506397248,
    "accel_rmse": 0.08377985231284969,
    "n": 39
  },
  "scene-0274": {
    "steer_rmse": 0.03810808223399172,
    "accel_rmse": 0.06866957027455145,
    "n": 40
  },
  "scene-0275": {
    "steer_rmse": 0.09316317204441732,
    "accel_rmse": 0.051493047519488036,
    "n": 40
  },
  "scene-0276": {
    "steer_rmse": 0.10944980704277847,
    "accel_rmse": 0.09018255662364946,
    "n": 40
  },
  "scene-0277": {
    "steer_rmse": 0.03940400221976582,
    "accel_rmse": 0.08176665082095282,
    "n": 40
  },
  "scene-0278": {
    "steer_rmse": 0.24055040484612517,
    "accel_rmse": 0.12255548816283938,
    "n": 40
  },
  "scene-0329": {
    "steer_rmse": 0.3238168302212739,
    "accel_rmse": 0.08776413743111142,
    "n": 39
  },
  "scene-0330": {
    "steer_rmse": 0.06514488684401269,
    "accel_rmse": 0.07728791128712231,
    "n": 39
  },
  "scene-0331": {
    "steer_rmse": 0.5952864307507051,
    "accel_rmse": 0.06473212555780783,
    "n": 39
  },
  "scene-0332": {
    "steer_rmse": 0.06095061773329707,
    "accel_rmse": 0.07943373740004782,
    "n": 40
  },
  "scene-0344": {
    "steer_rmse": 0.048326049372361825,
    "accel_rmse": 0.033963747640873655,
    "n": 40
  },
  "scene-0345": {
    "steer_rmse": 0.07071465123176814,
    "accel_rmse": 0.08628456409786174,
    "n": 39
  },
  "scene-0346": {
    "steer_rmse": 0.08149010235840452,
    "accel_rmse": 0.06249645611663155,
    "n": 40
  },
  "scene-0519": {
    "steer_rmse": 0.04384016818337962,
    "accel_rmse": 0.059964733010319245,
    "n": 41
  },
  "scene-0520": {
    "steer_rmse": 0.015981566695581165,
    "accel_rmse": 0.09138014624491221,
    "n": 41
  },
  "scene-0521": {
    "steer_rmse": 0.022830072055440073,
    "accel_rmse": 0.07659099999357187,
    "n": 40
  },
  "scene-0522": {
    "steer_rmse": 0.04588296692391669,
    "accel_rmse": 0.06423487238209513,
    "n": 40
  },
  "scene-0523": {
    "steer_rmse": 0.10911531390647372,
    "accel_rmse": 0.06268298994567294,
    "n": 40
  },
  "scene-0524": {
    "steer_rmse": 0.06179562038590379,
    "accel_rmse": 0.06389410796456331,
    "n": 41
  },
  "scene-0552": {
    "steer_rmse": 0.1301151064647542,
    "accel_rmse": 0.09952968008048786,
    "n": 41
  },
  "scene-0553": {
    "steer_rmse": 0.042415699475558385,
    "accel_rmse": 0.06078422499324806,
    "n": 41
  },
  "scene-0554": {
    "steer_rmse": 0.031078401899488527,
    "accel_rmse": 0.05051429244439966,
    "n": 41
  },
  "scene-0555": {
    "steer_rmse": 0.07090533311203999,
    "accel_rmse": 0.12924236415200038,
    "n": 40
  },
  "scene-0556": {
    "steer_rmse": 0.25685971125054824,
    "accel_rmse": 0.08260938976043394,
    "n": 40
  },
  "scene-0557": {
    "steer_rmse": 0.1265338748616279,
    "accel_rmse": 0.06855846448856688,
    "n": 40
  },
  "scene-0558": {
    "steer_rmse": 0.27871143638763735,
    "accel_rmse": 0.05385312024023526,
    "n": 41
  },
  "scene-0559": {
    "steer_rmse": 0.04168677278092807,
    "accel_rmse": 0.05733288320736988,
    "n": 41
  },
  "scene-0560": {
    "steer_rmse": 0.03944119572644998,
    "accel_rmse": 0.06408916855290077,
    "n": 40
  },
  "scene-0561": {
    "steer_rmse": 0.09653706458846653,
    "accel_rmse": 0.06761565500637588,
    "n": 40
  },
  "scene-0562": {
    "steer_rmse": 0.020344190176889595,
    "accel_rmse": 0.052446044083673,
    "n": 40
  },
  "scene-0563": {
    "steer_rmse": 0.15405228845651553,
    "accel_rmse": 0.1339596694390696,
    "n": 40
  },
  "scene-0564": {
    "steer_rmse": 0.1196835072747484,
    "accel_rmse": 0.18591840345444346,
    "n": 40
  },
  "scene-0565": {
    "steer_rmse": 0.1043359464648689,
    "accel_rmse": 0.045472908663979385,
    "n": 40
  },
  "scene-0625": {
    "steer_rmse": 0.04013594715809681,