{"train_loss": [0.052612299953855954, 0.012435475907953828, 0.009255693604698202, 0.007636573176899745, 0.006532684339672129, 0.005833204347540158, 0.005203686891825226, 0.004700503626638837, 0.004396122643657588, 0.004264316591705022, 0.003847104512458399, 0.003582624791020425, 0.0034181844880165606, 0.003259814893202972, 0.003168106889236394, 0.0029331350963558243, 0.0028579192149022882, 0.0027797746100540303, 0.0026437317095906127, 0.0025330862074842355, 0.002521496621060278, 0.002411091892195158, 0.00235515308429663, 0.002287914832632554, 0.0023226139281726584, 0.0021751724202705137, 0.0022580588343387004, 0.0020597547755568826, 0.002096736896969901, 0.0020092872481078145, 0.0020292882505237213, 0.0019539588301921112, 0.0019524818959014958, 0.0018289743914151981, 0.001809639301152158, 0.0018550420966992327, 0.0018611200925260124, 0.001899631012352897, 0.0018529558274110445, 0.0017587881249226584, 0.0016725743122023783, 0.0016919519160334372, 0.0016696141177442447, 0.0015930422054337711, 0.0015743833811706358, 0.0016006886920691093, 0.0016054579541513027, 0.001652393213667893, 0.0016221710981807129, 0.0015587778751522817], "val_loss": [0.017356203875067575, 0.013965799245493907, 0.012901045502239679, 0.012106794541214367, 0.011844882938175065, 0.011597437825579163, 0.01166162721235255, 0.011102813460960372, 0.0108874529933602, 0.011110822366399578, 0.010531773727567514, 0.010584149149912358, 0.010925561256647322, 0.01102861708235475, 0.010464933307739809, 0.010898945264105373, 0.010410853077149819, 0.011127863699088, 0.010486870384236631, 0.010975994881173819, 0.010528540970235948, 0.010664471708752624, 0.010802040634196663, 0.010643404361241273, 0.010729291749838346, 0.01084411511758698, 0.01073671973065684, 0.010395453772423527, 0.010723318302928057, 0.010799220582016622, 0.0105624990572647, 0.010411589389077996, 0.010743852387494764, 0.010936336291297737, 0.010424824787985034, 0.010386008030709553, 0.010751538456385778, 0.010723077181438317, 0.010887455046348648, 0.01067793053384159, 0.01167470702287518, 0.011225956870129178, 0.01091145147750876, 0.010805671523252514, 0.010895523225568032, 0.011009441112617873, 0.011194344466681657, 0.010465769338268748, 0.010986644449624827, 0.010158562289799205]}