{
  "scene-0003": {
    "steer_rmse": 0.06405968563849292,
    "accel_rmse": 0.07553217782691159,
    "n": 40
  },
  "scene-0012": {
    "steer_rmse": 0.09887416277298636,
    "accel_rmse": 0.050612883927583126,
    "n": 40
  },
  "scene-0013": {
    "steer_rmse": 0.06238150229379684,
    "accel_rmse": 0.038626347641809736,
    "n": 40
  },
  "scene-0014": {
    "steer_rmse": 0.05340968862155641,
    "accel_rmse": 0.08606745145742904,
    "n": 40
  },
  "scene-0015": {
    "steer_rmse": 0.04361988632337572,
    "accel_rmse": 0.0453404501003224,
    "n": 40
  },
  "scene-0016": {
    "steer_rmse": 0.13231004102244717,
    "accel_rmse": 0.05265952486738475,
    "n": 40
  },
  "scene-0017": {
    "steer_rmse": 0.06683049269724195,
    "accel_rmse": 0.07619904595626373,
    "n": 40
  },
  "scene-0018": {
    "steer_rmse": 0.563279832988789,
    "accel_rmse": 0.06323204157448585,
    "n": 40
  },
  "scene-0035": {
    "steer_rmse": 0.07450246437616781,
    "accel_rmse": 0.054802760762103386,
    "n": 40
  },
  "scene-0036": {
    "steer_rmse": 0.09766351863210783,
    "accel_rmse": 0.03184404403765596,
    "n": 40
  },
  "scene-0038": {
    "steer_rmse": 0.15062472509077426,
    "accel_rmse": 0.0569097490116311,
    "n": 40
  },
  "scene-0039": {
    "steer_rmse": 0.06404804857400828,
    "accel_rmse": 0.0832201602147744,
    "n": 40
  },
  "scene-0092": {
    "steer_rmse": 0.029194944022867347,
    "accel_rmse": 0.03159904248912173,
    "n": 40
  },
  "scene-0093": {
    "steer_rmse": 0.1288986414832738,
    "accel_rmse": 0.05524248693689138,
    "n": 39
  },
  "scene-0094": {
    "steer_rmse": 0.023554623784512015,
    "accel_rmse": 0.039153549647383705,
    "n": 40
  },
  "scene-0095": {
    "steer_rmse": 0.02712500907492021,
    "accel_rmse": 0.09823611895873215,
    "n": 39
  },
  "scene-0096": {
    "steer_rmse": 0.04997010515006244,
    "accel_rmse": 0.09323056116452359,
    "n": 39
  },
  "scene-0097": {
    "steer_rmse": 0.029859936810627947,
    "accel_rmse": 0.04768067006354676,
    "n": 39
  },
  "scene-0098": {
    "steer_rmse": 0.026712989952540577,
    "accel_rmse": 0.04801655970217326,
    "n": 39
  },
  "scene-0099": {
    "steer_rmse": 0.10380785442624099,
    "accel_rmse": 0.06815075768337578,
    "n": 39
  },
  "scene-0100": {
    "steer_rmse": 0.04373309603297115,
    "accel_rmse": 0.10437421908286282,
    "n": 40
  },
  "scene-0101": {
    "steer_rmse": 0.04332118816905026,
    "accel_rmse": 0.06286478715180062,
    "n": 40
  },
  "scene-0102": {
    "steer_rmse": 0.21961820993745512,
    "accel_rmse": 0.04518785692750129,
    "n": 40
  },
  "scene-0103": {
    "steer_rmse": 0.03682677239413017,
    "accel_rmse": 0.11481082536615442,
    "n": 40
  },
  "scene-0104": {
    "steer_rmse": 0.06524257038836762,
    "accel_rmse": 0.07070483526953726,
    "n": 39
  },
  "scene-0105": {
    "steer_rmse": 0.04473714152916291,
    "accel_rmse": 0.049434527643439974,
    "n": 39
  },
  "scene-0106": {
    "steer_rmse": 0.09309292495413253,
    "accel_rmse": 0.0414423235072352,
    "n": 40
  },
  "scene-0107": {
    "steer_rmse": 0.07683109443815266,
    "accel_rmse": 0.06298456996315233,
    "n": 40
  },
  "scene-0108": {
    "steer_rmse": 0.28053197704165,
    "accel_rmse": 0.07665958669522895,
    "n": 39
  },
  "scene-0109": {
    "steer_rmse": 0.17649621029199933,
    "accel_rmse": 0.04716298122288204,
    "n": 40
  },
  "scene-0110": {
    "steer_rmse": 0.039810160910952096,
    "accel_rmse": 0.03125077507841666,
    "n": 40
  },
  "scene-0221": {
    "steer_rmse": 0.29116722330757755,
    "accel_rmse": 0.0841171237665937,
    "n": 39
  },
  "scene-0268": {
    "steer_rmse": 0.0804683604768333,
    "accel_rmse": 0.09845342921093972,
    "n": 39
  },
  "scene-0269": {
    "steer_rmse": 0.15100442531746663,
    "accel_rmse": 0.06298384730468586,
    "n": 40
  },
  "scene-0270": {
    "steer_rmse": 0.060022105440096334,
    "accel_rmse": 0.0455262453753752,
    "n": 40
  },
  "scene-0271": {
    "steer_rmse": 0.14145214278665383,
    "accel_rmse": 0.0831971475855999,
    "n": 39
  },
  "scene-0272": {
    "steer_rmse": 0.16964345627233837,
    "accel_rmse": 0.08343393607921971,
    "n": 39
  },
  "scene-0273": {
    "steer_rmse": 0.08568521342532756,
    "accel_rmse": 0.07748452644122396,
    "n": 39
  },
  "scene-0274": {
    "steer_rmse": 0.03280015165509683,
    "accel_rmse": 0.07618635261085688,
    "n": 40
  },
  "scene-0275": {
    "steer_rmse": 0.08741307573883678,
    "accel_rmse": 0.06331884383576891,
    "n": 40
  },
  "scene-0276": {
    "steer_rmse": 0.12422120776051589,
    "accel_rmse": 0.10135600823947886,
    "n": 40
  },
  "scene-0277": {
    "steer_rmse": 0.042716413976377536,
    "accel_rmse": 0.07179033378574565,
    "n": 40
  },
  "scene-0278": {
    "steer_rmse": 0.18391897737808813,
    "accel_rmse": 0.10177083399986685,
    "n": 40
  },
  "scene-0329": {
    "steer_rmse": 0.3208999317162206,
    "accel_rmse": 0.06973792468646749,
    "n": 39
  },
  "scene-0330": {
    "steer_rmse": 0.1312759838630106,
    "accel_rmse": 0.07303895552854534,
    "n": 39
  },
  "scene-0331": {
    "steer_rmse": 0.5132474708969748,
    "accel_rmse": 0.0645045280467407,
    "n": 39
  },
  "scene-0332": {
    "steer_rmse": 0.07486177596129882,
    "accel_rmse": 0.07388376243822048,
    "n": 40
  },
  "scene-0344": {
    "steer_rmse": 0.08081416129295516,
    "accel_rmse": 0.03007692136618365,
    "n": 40
  },
  "scene-0345": {
    "steer_rmse": 0.10703819011233581,
    "accel_rmse": 0.0759698783796539,
    "n": 39
  },
  "scene-0346": {
    "steer_rmse": 0.07630688084376426,
    "accel_rmse": 0.10011214583185275,
    "n": 40
  },
  "scene-0519": {
    "steer_rmse": 0.05931382633530386,
    "accel_rmse": 0.05702628980790393,
    "n": 41
  },
  "scene-0520": {
    "steer_rmse": 0.034263615729935595,
    "accel_rmse": 0.06914395128059102,
    "n": 41
  },
  "scene-0521": {
    "steer_rmse": 0.03385253532816678,
    "accel_rmse": 0.05757644446679586,
    "n": 40
  },
  "scene-0522": {
    "steer_rmse": 0.041340286153518264,
    "accel_rmse": 0.05686317791623098,
    "n": 40
  },
  "scene-0523": {
    "steer_rmse": 0.11047182358642256,
    "accel_rmse": 0.06341328923168632,
    "n": 40
  },
  "scene-0524": {
    "steer_rmse": 0.04235911121095787,
    "accel_rmse": 0.038312185908102404,
    "n": 41
  },
  "scene-0552": {
    "steer_rmse": 0.24795584466872014,
    "accel_rmse": 0.10256786477839622,
    "n": 41
  },
  "scene-0553": {
    "steer_rmse": 0.04141544937171995,
    "accel_rmse": 0.028841711003015295,
    "n": 41
  },
  "scene-0554": {
    "steer_rmse": 0.03422111136471292,
    "accel_rmse": 0.011949229843244287,
    "n": 41
  },
  "scene-0555": {
    "steer_rmse": 0.0430835940818152,
    "accel_rmse": 0.1287923826679449,
    "n": 40
  },
  "scene-0556": {
    "steer_rmse": 0.35048781280103697,
    "accel_rmse": 0.07680188624508316,
    "n": 40
  },
  "scene-0557": {
    "steer_rmse": 0.09983892782963483,
    "accel_rmse": 0.06585721301058013,
    "n": 40
  },
  "scene-0558": {
    "steer_rmse": 0.2940683468108106,
    "accel_rmse": 0.06665852653222801,
    "n": 41
  },
  "scene-0559": {
    "steer_rmse": 0.07718442170724006,
    "accel_rmse": 0.045285378527946465,
    "n": 41
  },
  "scene-0560": {
    "steer_rmse": 0.05978834315751762,
    "accel_rmse": 0.07239946042165855,
    "n": 40
  },
  "scene-0561": {
    "steer_rmse": 0.21205376716853797,
    "accel_rmse": 0.05987051111213213,
    "n": 40
  },
  "scene-0562": {
    "steer_rmse": 0.0818321323665633,
    "accel_rmse": 0.05733379902124387,
    "n": 40
  },
  "scene-0563": {
    "steer_rmse": 0.1566620011237106,
    "accel_rmse": 0.15350277192791725,
    "n": 40
  },
  "scene-0564": {
    "steer_rmse": 0.15605295389844645,
    "accel_rmse": 0.19222963402464313,
    "n": 40
  },
  "scene-0565": {
    "steer_rmse": 0.1801841478639069,
    "accel_rmse": 0.05557267332092032,
    "n": 40
  },
  "scene-0625": {
    "steer_rmse": 0.08190607771917775,