{"train_loss": [0.09871227761892683, 0.017706679846124625, 0.013539672537523367, 0.011450304587682088, 0.010066886679215205, 0.00915203207346913, 0.008356996889891475, 0.007775885796355964, 0.007187562068118133, 0.006878633651175606, 0.006421643923004253, 0.006042418486337453, 0.00581277784268677, 0.005544327375001987, 0.0053396104403868215, 0.005050316931567025, 0.004872467407057898, 0.004686120448382239, 0.004583466341408964, 0.004416282467112226, 0.004284545937922888, 0.004200313717531802, 0.0040251969429300075, 0.003939767384612496, 0.003846392348876415, 0.003822631521110871, 0.003742430977784082, 0.003528167779799857, 0.0034944297821286018, 0.003396442738659396, 0.003432688115514304, 0.0032866885899231766, 0.003228946386605226, 0.003170144480081164, 0.003092661642234487, 0.003043758109058009, 0.0030070660915076314, 0.002962313076246618, 0.002932632695737818, 0.002847373587439099, 0.002871963601317324, 0.00280186412672931, 0.0027968277148693213, 0.0027403232094791044, 0.0026214153732435023, 0.0026199182637526726, 0.0025056254671385223, 0.00264162426456552, 0.0026437137341123063, 0.0025565904949377436], "val_loss": [0.01934211073808953, 0.01637174079929562, 0.01497313497041338, 0.01429595021907379, 0.013599217792953602, 0.013786912374262838, 0.013381451690341252, 0.013592936602162424, 0.013816096371091985, 0.01339550719909868, 0.013333343276220917, 0.013476536329978769, 0.01341482774172761, 0.013364844131070579, 0.013308420680270824, 0.013510233902862948, 0.013035988469586302, 0.013198765529275994, 0.013459400516887108, 0.014003100196029124, 0.013434801195686253, 0.013088786381425976, 0.013424257153990066, 0.013155365276983693, 0.013095132880005163, 0.013346270635535156, 0.013522240476106027, 0.013945897308557859, 0.01305336552331116, 0.013142783062845966, 0.013225307238377313, 0.013161753094281043, 0.013914853998481701, 0.013163381980415799, 0.01354733645458732, 0.013093534679303416, 0.012927758387213733, 0.012941212390391697, 0.01331085705635207, 0.012751803138317298, 0.01305073305060697, 0.012483266754347088, 0.01323128135819768, 0.013119804587564387, 0.013137240479193997, 0.013140064259258299, 0.013022313646355352, 0.013850983946226018, 0.012583332616156752, 0.012796841843373562]}