encoder,fold_id,num_test_frames,test_steer_rmse_mean_seedavg,test_accel_rmse_mean_seedavg
vit_s16,0,1606,0.13329245150089264,0.0765921026468277
clip_b32,0,1606,0.1331087052822113,0.07040567696094513
dino_vits14,0,1606,0.12467867136001587,0.07348859310150146
vjepa2_rep64,0,1606,0.1167251467704773,0.06751452386379242
vq_track,0,1606,0.13088496029376984,0.07212309539318085
vjepa2_rep1,0,1606,0.11782627552747726,0.06774275004863739
