encoder,cv_folds,seeds,test_steer_rmse_mean,test_steer_rmse_std,test_accel_rmse_mean,test_accel_rmse_std,val_steer_rmse_mean,val_accel_rmse_mean,num_scene_test_observations
vit_s16,5,3,0.14316847423712412,0.004686938800225827,0.08990334222714107,0.005856904472159387,0.15710534155368805,0.08352067818244298,586
clip_b32,5,3,0.13588464260101318,0.0006791649353783426,0.0746357465783755,0.0005653120584313246,0.14526603122552237,0.0679059773683548,586
dino_vits14,5,3,0.14233365654945374,0.006336615700444176,0.08799004803101222,0.005669015617468717,0.15391005078951517,0.07539170483748119,586
vjepa2_rep64,5,3,0.13172905147075653,0.00043099648735853613,0.07438295831282933,0.0009646325802132546,0.14018029471238455,0.06340039769808452,586
vq_track,5,3,0.14233365654945374,0.006336615700444176,0.08799004803101222,0.005669015617468717,0.15391005078951517,0.07539170483748119,586
vjepa2_rep1,5,3,0.13173945744832358,0.0010454887635869745,0.07401654124259949,0.0005003250007956836,0.1403565307458242,0.06341725339492162,586
