encoder,scenario,steer_rmse_mean_scene,accel_rmse_mean_scene,num_scene_entries
vit_s16,urban,0.10201124439584475,0.07071707178240859,40
clip_b32,urban,0.10066352846880906,0.06342684481847868,40
dino_vits14,urban,0.09078738808877702,0.067327278908767,40
vjepa2_rep64,urban,0.08102513480727318,0.05967684353420799,40
vq_track,urban,0.09451265136832529,0.06416907110983466,40
vjepa2_rep1,urban,0.08240523853556184,0.06015938821307552,40
