{
  "encoder": "vit_s16",
  "seed": 0,
  "horizon": 16,
  "steer_perturb": 0.3,
  "steer_p10": -0.11081641167402267,
  "steer_p90": 0.07738825678825378,
  "dit": {
    "model": "dit_spatial_direct",
    "perturb_sensitivity_by_step": [
      0.026529,
      0.042141,
      0.049397,
      0.052744,
      0.057405,
      0.061087,
      0.064836,
      0.063417,
      0.065608,
      0.069056,
      0.067941,
      0.071632,
      0.069866,
      0.06914,
      0.068926,
      0.069623
    ],
    "shuffle_sensitivity_by_step": [
      0.021631,
      0.02915,
      0.033443,
      0.035989,
      0.039469,
      0.037409,
      0.039816,
      0.041052,
      0.044687,
      0.042623,
      0.042682,
      0.04588,
      0.044983,
      0.045983,
      0.046067,
      0.046722
    ],
    "quality_under_true_by_step": [
      0.87363,
      0.845862,
      0.833246,
      0.825244,
      0.820053,
      0.81636,
      0.812423,
      0.807337,
      0.802428,
      0.798329,
      0.793953,
      0.792724,
      0.789165,
      0.784691,
      0.784821,
      0.78341
    ],
    "perturb_sensitivity_h16": 0.069623,
    "shuffle_sensitivity_h16": 0.046722,
    "quality_under_true_h16": 0.78341,
    "n_windows": 200
  },
  "mlp": {
    "model": "mlp_spatial",
    "perturb_sensitivity_by_step": [
      0.07936,
      0.078492,
      0.081788,
      0.079582,
      0.072764,
      0.074283,
      0.07086,
      0.072082,
      0.077302,
      0.069504,
      0.076717,
      0.071992,
      0.078496,
      0.084146,
      0.075799,
      0.072319
    ],
    "shuffle_sensitivity_by_step": [
      0.065653,
      0.056098,
      0.06043,
      0.063173,
      0.065099,
      0.058393,
      0.061289,
      0.060044,
      0.060203,
      0.060275,
      0.054809,
      0.061217,
      0.061441,
      0.064881,
      0.058666,
      0.055912
    ],
    "quality_under_true_by_step": [
      0.837366,
      0.821055,
      0.810801,
      0.806269,
      0.799759,
      0.795245,
      0.791321,
      0.786459,
      0.779654,
      0.779211,
      0.781163,
      0.774237,
      0.770017,
      0.76271,
      0.766137,
      0.76321
    ],
    "perturb_sensitivity_h16": 0.072319,
    "shuffle_sensitivity_h16": 0.055912,
    "quality_under_true_h16": 0.76321,
    "n_windows": 200
  },
  "dit_vs_mlp_perturb_ratio_h16": 0.9627,
  "gate_a": {
    "perturb_sens_h16_dit": 0.069623,
    "shuffle_sens_h16_dit": 0.046722,
    "quality_h16_dit": 0.78341,
    "pass_perturb_gt_005": true,
    "pass_perturb_gt_shuffle": true,
    "pass_quality_high": true,
    "narrative_pass": true
  },
  "vae_figure": "/vol/embeddings/spatial/counterfactual_figure/action_counterfactual.pdf"
}