{
  "results": [
    {
      "encoder": "clip_b32",
      "variant": "conditioned",
      "seed": 0,
      "lr": 0.001,
      "n_test_windows": 5419,
      "metrics": {
        "cossim_by_horizon": [
          0.941758660729861,
          0.9309315010066577,
          0.9224481591440958,
          0.9162903761243354
        ],
        "mse_by_horizon": [
          0.02399127816423584,
          0.028371034479818785,
          0.03177360952461441,
          0.03423312434544751
        ],
        "copy_baseline_cossim": [
          0.9580898577050764,
          0.9433621006888379,
          0.9332565044340425,
          0.9256045603184577
        ]
      },
      "time_s": 1.5
    },
    {
      "encoder": "clip_b32",
      "variant": "conditioned",
      "seed": 1,
      "lr": 0.001,
      "n_test_windows": 5419,
      "metrics": {
        "cossim_by_horizon": [
          0.9407803637006006,
          0.9302143871971197,
          0.9221965615919626,
          0.91577935451994
        ],
        "mse_by_horizon": [
          0.02460788644356665,
          0.028907470673207186,
          0.03215840224037093,
          0.03473930262973727
        ],
        "copy_baseline_cossim": [
          0.9585244234559896,
          0.9438990402714443,
          0.9338292095313149,
          0.9261600193798729
        ]
      },
      "time_s": 0.5
    },
    {
      "encoder": "clip_b32",
      "variant": "conditioned",
      "seed": 2,
      "lr": 0.001,
      "n_test_windows": 5419,
      "metrics": {
        "cossim_by_horizon": [
          0.9417819403088561,
          0.9311081625302574,
          0.9225061384596317,
          0.9160129225414647
        ],
        "mse_by_horizon": [
          0.023756460590014093,
          0.02800580469262756,
          0.03140805204936688,
          0.03396936315609358
        ],
        "copy_baseline_cossim": [
          0.957942139026665,
          0.9430604249398457,
          0.932881347014249,
          0.9251695391128238
        ]
      },
      "time_s": 0.5
    },
    {
      "encoder": "dino_vits14",
      "variant": "conditioned",
      "seed": 0,
      "lr": 0.001,
      "n_test_windows": 5419,
      "metrics": {
        "cossim_by_horizon": [
          0.8882169799185212,
          0.8604868036901232,
          0.8353718970397848,
          0.8136741622696725
        ],
        "mse_by_horizon": [
          1.2220947524678072,
          1.5078211163304174,
          1.7662504019827876,
          1.9857449289572857
        ],
        "copy_baseline_cossim": [
          0.9323425384482064,
          0.8994164446619389,
          0.8737352346225646,
          0.8529597442733954
        ]
      },
      "time_s": 0.5
    },
    {
      "encoder": "dino_vits14",
      "variant": "conditioned",
      "seed": 1,
      "lr": 0.001,
      "n_test_windows": 5419,
      "metrics": {
        "cossim_by_horizon": [
          0.8876243741953587,
          0.8603052736582583,
          0.8359011656948948,
          0.8156068664257938
        ],
        "mse_by_horizon": [
          1.2277884475417982,
          1.5090641120985262,
          1.7607276706727235,
          1.9678612564911941
        ],
        "copy_baseline_cossim": [
          0.9323425384482064,
          0.8994164446619389,
          0.8737352346225646,
          0.8529597442733954
        ]
      },
      "time_s": 0.5
    },
    {
      "encoder": "dino_vits14",
      "variant": "conditioned",
      "seed": 2,
      "lr": 0.001,
      "n_test_windows": 5419,
      "metrics": {
        "cossim_by_horizon": [
          0.8874257501805262,
          0.8598783865782756,
          0.8345163848308162,
          0.8138104326325956
        ],
        "mse_by_horizon": [
          1.2312914180808412,
          1.51597863137667,
          1.7773271480770783,
          1.9885354500499726
        ],
        "copy_baseline_cossim": [
          0.9323425384482064,
          0.8994164446619389,
          0.8737352346225646,
          0.8529597442733954
        ]
      },
      "time_s": 0.5
    },
    {
      "encoder": "vit_s16",
      "variant": "conditioned",
      "seed": 0,
      "lr": 0.001,
      "n_test_windows": 5419,
      "metrics": {
        "cossim_by_horizon": [
          0.891168673554565,
          0.8692732981857635,
          0.851478989877963,
          0.8386699178822038
        ],
        "mse_by_horizon": [
          1.3362939260524673,
          1.5956130815313452,
          1.8050937247817467,
          1.9540580415840099
        ],
        "copy_baseline_cossim": [
          0.922652366878934,
          0.8925989836998852,
          0.8715160318484801,
          0.8556539947684345
        ]
      },
      "time_s": 0.5
    },
    {
      "encoder": "vit_s16",
      "variant": "conditioned",
      "seed": 1,
      "lr": 0.001,
      "n_test_windows": 5419,
      "metrics": {
        "cossim_by_horizon": [
          0.890859806267048,
          0.8688754264576714,
          0.8510452245165664,
          0.8369825658465602
        ],
        "mse_by_horizon": [
          1.3416852146788572,
          1.6018294767164,
          1.814014427071019,
          1.978108531545726
        ],
        "copy_baseline_cossim": [
          0.922652366878934,
          0.8925989836998852,
          0.8715160318484801,
          0.8556539947684345
        ]
      },
      "time_s": 0.5
    },
    {
      "encoder": "vit_s16",
      "variant": "conditioned",
      "seed": 2,
      "lr": 0.001,
      "n_test_windows": 5419,
      "metrics": {
        "cossim_by_horizon": [
          0.8911007432221354,
          0.8692776711142399,
          0.852117835166468,
          0.8392482172587103
        ],
        "mse_by_horizon": [
          1.3394556152884383,
          1.5967206502669102,
          1.7992997099979708,
          1.948630492567114
        ],
        "copy_baseline_cossim": [
          0.922652366878934,
          0.8925989836998852,
          0.8715160318484801,
          0.8556539947684345
        ]
      },
      "time_s": 0.6
    },
    {
      "encoder": "vjepa2_rep1",
      "variant": "conditioned",
      "seed": 0,
      "lr": 0.001,
      "n_test_windows": 5419,
      "metrics": {
        "cossim_by_horizon": [
          0.9823239480113825,
          0.9775397713762034,
          0.9730531340882576,
          0.9687422417828816
        ],
        "mse_by_horizon": [
          0.10318033993079183,
          0.13057080642128588,
          0.15611105023285718,
          0.18063689677296013
        ],
        "copy_baseline_cossim": [
          0.9871259746702863,
          0.9786618280771541,
          0.9718711375750217,
          0.9663418891091566
        ]
      },
      "time_s": 0.6
    },
    {
      "encoder": "vjepa2_rep1",
      "variant": "conditioned",
      "seed": 1,
      "lr": 0.001,
      "n_test_windows": 5419,
      "metrics": {
        "cossim_by_horizon": [
          0.9839562393022345,
          0.9794174647678813,
          0.9752589146750816,
          0.971352130378122
        ],
        "mse_by_horizon": [
          0.10206558018466338,
          0.13041494534582773,
          0.15631105486680977,
          0.18060370595016523
        ],
        "copy_baseline_cossim": [
          0.9882295942544101,
          0.9804541170212104,
          0.9741424522533653,
          0.9689181493775698
        ]
      },
      "time_s": 0.6
    },
    {
      "encoder": "vjepa2_rep1",
      "variant": "conditioned",
      "seed": 2,
      "lr": 0.001,
      "n_test_windows": 5419,
      "metrics": {
        "cossim_by_horizon": [
          0.9824456121455614,
          0.9773374931643779,
          0.9726174244209286,
          0.968214578834445
        ],
        "mse_by_horizon": [
          0.1009660368146965,
          0.12983789978970633,
          0.15622456713034275,
          0.18086837107546985
        ],