{
  "n_windows": 150,
  "horizons": [
    3
  ],
  "cfg_w": 1.0,
  "diffusion_ckpt": "diffusion",
  "window_manifest": [
    80,
    438,
    478,
    518,
    558,
    598,
    638,
    678,
    1355,
    1395,
    1435,
    1475,
    2942,
    2982,
    3021,
    3061,
    3100,
    3139,
    3178,
    3217,
    3256,
    3296,
    3336,
    3376,
    3416,
    3455,
    3494,
    3534,
    3574,
    3613,
    3653,
    6186,
    7897,
    7936,
    7976,
    8016,
    8055,
    8094,
    8133,
    8173,
    8213,
    8253,
    8293,
    9602,
    9641,
    9680,
    9719,
    9759,
    9799,
    9838,
    15728,
    15769,
    15810,
    15850,
    15890,
    15930,
    16825,
    16866,
    16907,
    16948,
    16988,
    17028,
    17068,
    17109,
    17150,
    17190,
    17230,
    17270,
    17310,
    17350,
    18649,
    18689,
    18729,
    18770,
    18810,
    18851,
    18891,
    18931,
    18971,
    19011,
    19051,
    19091,
    23384,
    23424,
    23465,
    23506,
    23546,
    23586,
    23627,
    23667,
    23708,
    23749,
    24030,
    24070,
    24110,
    24150,
    24190,
    24230,
    24270,
    24310,
    27096,
    27137,
    27177,
    27218,
    27258,
    27299,
    27339,
    27379,
    27419,
    27459,
    27499,
    27540,
    27581,
    27622,
    27663,
    27704,
    27745,
    27786,
    27827,
    27867,
    27907,
    27947,
    27988,
    28028,
    28068,
    28108,
    28148,
    28672,
    28713,
    28753,
    28794,
    28835,
    28876,
    28916,
    28956,
    31501,
    31541,
    31581,
    31622,
    31662,
    31702,
    31742,
    31782,
    31822,
    31862,
    31902,
    31942,
    31983,
    32023,
    32063
  ],
  "by_horizon": {
    "3": {
      "ch_real_mean": [
        0.0723,
        -0.2145,
        0.2123,
        0.0009
      ],
      "ch_diff_mean": [
        0.176,
        -0.2266,
        0.1957,
        -0.0142
      ],
      "ch_real_std": [
        0.8654,
        0.8206,
        0.579,
        0.6345
      ],
      "ch_diff_std": [
        2.025,
        1.9246,
        1.6134,
        1.6557
      ],
      "direct": {
        "fid": 348.016,
        "kid_mean": 0.31926,
        "kid_std": 0.01635
      },
      "diffusion_raw": {
        "fid": 315.918,
        "kid_mean": 0.25709,
        "kid_std": 0.01878
      },
      "diffusion_calib": {
        "fid": 153.009,
        "kid_mean": 0.06775,
        "kid_std": 0.00702
      },
      "vae_gt": {
        "fid": 26.95,
        "kid_mean": -0.00235,
        "kid_std": 0.00181
      }
    }
  }
}