{
  "mode": "direct",
  "smoke": true,
  "dit": {
    "cossim_by_step": [
      0.863848,
      0.820557,
      0.793409,
      0.772312,
      0.756691,
      0.744975,
      0.734792,
      0.727586,
      0.721179,
      0.715834,
      0.709,
      0.702362,
      0.69524,
      0.688892,
      0.683962,
      0.679204
    ],
    "copy_by_step": [
      0.863781,
      0.82046,
      0.793292,
      0.772179,
      0.756545,
      0.74482,
      0.734627,
      0.727414,
      0.721002,
      0.715656,
      0.708816,
      0.702173,
      0.695047,
      0.688695,
      0.68376,
      0.678998
    ],
    "mean_cossim": 0.738115,
    "n_test": 256,
    "model": "dit_direct",
    "train_time_s": 40.9,
    "n_params": 12094080
  },
  "mlp": {
    "cossim_by_step": [
      0.853623,
      0.827474,
      0.811204,
      0.798178,
      0.787881,
      0.78003,
      0.773994,
      0.769012,
      0.764339,
      0.760184,
      0.754776,
      0.74995,
      0.744621,
      0.74049,
      0.736867,
      0.733102
    ],
    "copy_by_step": [
      0.863781,
      0.82046,
      0.793292,
      0.772179,
      0.756545,
      0.74482,
      0.734627,
      0.727414,
      0.721002,
      0.715656,
      0.708816,
      0.702173,
      0.695047,
      0.688695,
      0.68376,
      0.678998
    ],
    "mean_cossim": 0.774108,
    "n_test": 256,
    "model": "mlp_spatial",
    "train_time_s": 8.0,
    "n_params": 1296512
  },
  "gap": -0.035993,
  "dit_wins": false,
  "dit_step1_beats_copy": true
}