{
  "mode": "anchored_x0",
  "smoke": false,
  "dit": {
    "cossim_by_step": [
      0.783719,
      0.700597,
      0.653463,
      0.621914,
      0.598284,
      0.579797,
      0.565143,
      0.552967,
      0.542678,
      0.534494,
      0.5274,
      0.520775,
      0.51512,
      0.510706,
      0.507298,
      0.506052
    ],
    "copy_by_step": [
      0.893038,
      0.846389,
      0.816348,
      0.794406,
      0.777059,
      0.762824,
      0.750691,
      0.740636,
      0.731671,
      0.724199,
      0.717357,
      0.711059,
      0.705335,
      0.700325,
      0.69575,
      0.691882
    ],
    "mean_cossim": 0.576276,
    "n_test": 3619,
    "model": "dit_anchored_x0",
    "train_time_s": 9350.3,
    "n_params": 12099840
  },
  "mlp": {
    "cossim_by_step": [
      0.851884,
      0.829701,
      0.814485,
      0.80331,
      0.794051,
      0.786247,
      0.779322,
      0.773493,
      0.768596,
      0.764163,
      0.759925,
      0.756201,
      0.752805,
      0.749424,
      0.746268,
      0.743725
    ],
    "copy_by_step": [
      0.893038,
      0.846389,
      0.816348,
      0.794406,
      0.777059,
      0.762824,
      0.750691,
      0.740636,
      0.731671,
      0.724199,
      0.717357,
      0.711059,
      0.705335,
      0.700325,
      0.69575,
      0.691882
    ],
    "mean_cossim": 0.7796,
    "n_test": 3619,
    "model": "mlp_spatial",
    "train_time_s": 663.2,
    "n_params": 1296512
  },
  "gap": -0.203324,
  "dit_wins": false,
  "dit_step1_beats_copy": false
}