{
  "mode": "direct",
  "smoke": true,
  "objective": "x0",
  "action_mode": "coarse",
  "window_stride": 1,
  "hv_threshold_steer_std": 0.056086,
  "n_hv_test": 64,
  "coarse_theta": 0.1,
  "left_center": -0.125273,
  "right_center": 0.192115,
  "coarse_balance_test": {
    "left": 0,
    "straight": 223,
    "right": 33,
    "frac_left": 0.0,
    "frac_straight": 0.8711,
    "frac_right": 0.1289
  },
  "dit": {
    "cossim_by_step": [
      0.863853,
      0.820567,
      0.793421,
      0.772327,
      0.756707,
      0.744993,
      0.734811,
      0.727605,
      0.721198,
      0.715855,
      0.709022,
      0.702385,
      0.695262,
      0.688917,
      0.683988,
      0.679232
    ],
    "copy_by_step": [
      0.863781,
      0.82046,
      0.793292,
      0.772179,
      0.756545,
      0.74482,
      0.734627,
      0.727414,
      0.721002,
      0.715656,
      0.708816,
      0.702173,
      0.695047,
      0.688695,
      0.68376,
      0.678998
    ],
    "mean_cossim": 0.738134,
    "n_test": 256,
    "model": "dit_direct",
    "train_time_s": 38.0,
    "n_params": 12094080,
    "objective": "x0"
  },
  "mlp": {
    "cossim_by_step": [
      0.856809,
      0.830695,
      0.814378,
      0.801483,
      0.791277,
      0.783621,
      0.777052,
      0.77199,
      0.767178,
      0.762871,
      0.757439,
      0.75221,
      0.746761,
      0.742235,
      0.738249,
      0.734584
    ],
    "copy_by_step": [
      0.863781,
      0.82046,
      0.793292,
      0.772179,
      0.756545,
      0.74482,
      0.734627,
      0.727414,
      0.721002,
      0.715656,
      0.708816,
      0.702173,
      0.695047,
      0.688695,
      0.68376,
      0.678998
    ],
    "mean_cossim": 0.776802,
    "n_test": 256,
    "model": "mlp_spatial",
    "train_time_s": 5.6,
    "n_params": 1296512
  },
  "mlp_hv": {
    "cossim_by_step": [
      0.851921,
      0.824102,
      0.803894,
      0.787363,
      0.774179,
      0.761564,
      0.751841,
      0.743085,
      0.736095,
      0.729723,
      0.722835,
      0.715945,
      0.709514,
      0.702599,
      0.696202,
      0.690018
    ],
    "copy_by_step": [
      0.861293,
      0.810721,
      0.774838,
      0.747528,
      0.727008,
      0.709522,
      0.695772,
      0.685728,
      0.678935,
      0.671887,
      0.665465,
      0.658545,
      0.651107,
      0.642345,
      0.635447,
      0.628732
    ],
    "mean_cossim": 0.750055,
    "n_test": 64
  },
  "dit_hv": {
    "cossim_by_step": [
      0.861376,
      0.81085,
      0.775002,
      0.747715,
      0.727212,
      0.709741,
      0.696001,
      0.685961,
      0.679173,
      0.672125,
      0.665706,
      0.658786,
      0.651348,
      0.642592,
      0.635698,
      0.628989
    ],
    "copy_by_step": [
      0.861293,
      0.810721,
      0.774838,
      0.747528,
      0.727008,
      0.709522,
      0.695772,
      0.685728,
      0.678935,
      0.671887,
      0.665465,
      0.658545,
      0.651107,
      0.642345,
      0.635447,
      0.628732
    ],
    "mean_cossim": 0.703017,
    "n_test": 64
  },
  "gap": -0.038668,
  "dit_wins": false,
  "dit_step1_beats_copy": true,
  "mlp_hidden": 512
}