{
  "mode": "anchored_x0",
  "smoke": false,
  "objective": "vpred",
  "dit": {
    "cossim_by_step": [
      0.707798,
      0.709518,
      0.708283,
      0.706157,
      0.703547,
      0.701088,
      0.699254,
      0.696871,
      0.694873,
      0.6931,
      0.692042,
      0.690593,
      0.688868,
      0.687269,
      0.683851,
      0.677737
    ],
    "copy_by_step": [
      0.873954,
      0.837245,
      0.81425,
      0.797924,
      0.785256,
      0.774907,
      0.766238,
      0.758535,
      0.751921,
      0.746351,
      0.741012,
      0.736189,
      0.731827,
      0.728195,
      0.724621,
      0.721365
    ],
    "mean_cossim": 0.696303,
    "n_test": 3619,
    "model": "dit_anchored_x0_vpred",
    "train_time_s": 7511.2,
    "n_params": 12094080,
    "objective": "vpred"
  },
  "dit_distributional": {
    "n_samples": 16,
    "mean_cossim_by_step": [
      0.707361,
      0.708828,
      0.708043,
      0.705845,
      0.703351,
      0.701041,
      0.69944,
      0.697317,
      0.695142,
      0.693577,
      0.692213,
      0.690831,
      0.689072,
      0.686796,
      0.683095,
      0.677462
    ],
    "best_of_k_cossim_by_step": [
      0.737034,
      0.73734,
      0.736739,
      0.734652,
      0.73265,
      0.731085,
      0.729591,
      0.7278,
      0.725989,
      0.724851,
      0.723527,
      0.72234,
      0.720838,
      0.718928,
      0.716538,
      0.712435
    ],
    "mean_cossim": 0.696213,
    "best_of_k_mean_cossim": 0.727021,
    "sample_diversity_l2": 725.210769
  },
  "mlp": {
    "cossim_by_step": [
      0.844069,
      0.826208,
      0.814409,
      0.806612,
      0.800322,
      0.794999,
      0.790618,
      0.786641,
      0.783441,
      0.780397,
      0.777548,
      0.774858,
      0.772267,
      0.770218,
      0.768434,
      0.766424
    ],
    "copy_by_step": [
      0.873954,
      0.837245,
      0.81425,
      0.797924,
      0.785256,
      0.774907,
      0.766238,
      0.758535,
      0.751921,
      0.746351,
      0.741012,
      0.736189,
      0.731827,
      0.728195,
      0.724621,
      0.721365
    ],
    "mean_cossim": 0.791092,
    "n_test": 3619,
    "model": "mlp_spatial",
    "train_time_s": 757.1,
    "n_params": 1296512
  },
  "gap": -0.094789,
  "dit_wins": false,
  "dit_step1_beats_copy": false,
  "mlp_hidden": 512
}