{
  "mode": "direct",
  "smoke": false,
  "dit": {
    "cossim_by_step": [
      0.904517,
      0.87016,
      0.84839,
      0.833002,
      0.821087,
      0.811434,
      0.803294,
      0.796091,
      0.789604,
      0.783989,
      0.778998,
      0.774418,
      0.770075,
      0.766006,
      0.762282,
      0.758971
    ],
    "copy_by_step": [
      0.893038,
      0.846389,
      0.816348,
      0.794406,
      0.777059,
      0.762824,
      0.750691,
      0.740636,
      0.731671,
      0.724199,
      0.717357,
      0.711059,
      0.705335,
      0.700325,
      0.69575,
      0.691882
    ],
    "mean_cossim": 0.80452,
    "n_test": 3619,
    "model": "dit_direct",
    "train_time_s": 9125.7,
    "n_params": 12099840
  },
  "mlp": {
    "cossim_by_step": [
      0.853388,
      0.831249,
      0.815795,
      0.804668,
      0.795298,
      0.787348,
      0.780418,
      0.774547,
      0.769519,
      0.764813,
      0.760543,
      0.756715,
      0.753092,
      0.749935,
      0.746914,
      0.744612
    ],
    "copy_by_step": [
      0.893038,
      0.846389,
      0.816348,
      0.794406,
      0.777059,
      0.762824,
      0.750691,
      0.740636,
      0.731671,
      0.724199,
      0.717357,
      0.711059,
      0.705335,
      0.700325,
      0.69575,
      0.691882
    ],
    "mean_cossim": 0.780553,
    "n_test": 3619,
    "model": "mlp_spatial",
    "train_time_s": 774.1,
    "n_params": 1296512
  },
  "gap": 0.023967,
  "dit_wins": true,
  "dit_step1_beats_copy": true
}