{
  "mode": "anchored_x0",
  "smoke": true,
  "objective": "vpred",
  "action_mode": "coarse",
  "window_stride": 1,
  "hv_threshold_steer_std": 0.056086,
  "n_hv_test": 64,
  "coarse_theta": 0.1,
  "left_center": -0.125273,
  "right_center": 0.192115,
  "coarse_balance_test": {
    "left": 0,
    "straight": 223,
    "right": 33,
    "frac_left": 0.0,
    "frac_straight": 0.8711,
    "frac_right": 0.1289
  },
  "dit": {
    "cossim_by_step": [
      0.563749,
      0.563794,
      0.564353,
      0.563533,
      0.563455,
      0.56345,
      0.562779,
      0.561828,
      0.561311,
      0.560707,
      0.560023,
      0.558974,
      0.557806,
      0.556938,
      0.556231,
      0.556432
    ],
    "copy_by_step": [
      0.863781,
      0.82046,
      0.793292,
      0.772179,
      0.756545,
      0.74482,
      0.734627,
      0.727414,
      0.721002,
      0.715656,
      0.708816,
      0.702173,
      0.695047,
      0.688695,
      0.68376,
      0.678998
    ],
    "mean_cossim": 0.56096,
    "n_test": 256,
    "model": "dit_anchored_x0_vpred",
    "train_time_s": 38.0,
    "n_params": 12094080,
    "objective": "vpred"
  },
  "dit_distributional": {
    "n_samples": 8,
    "subset": "all",
    "n_test": 256,
    "mean_cossim_by_step": [
      0.563746,
      0.563982,
      0.564017,
      0.563734,
      0.563513,
      0.563164,
      0.562496,
      0.562065,
      0.561632,
      0.56078,
      0.559958,
      0.55887,
      0.557946,
      0.557346,
      0.556783,
      0.556497
    ],
    "best_of_k_cossim_by_step": [
      0.570558,
      0.571015,
      0.57083,
      0.570559,
      0.570233,
      0.570039,
      0.569355,
      0.568776,
      0.568426,
      0.56776,
      0.566822,
      0.565483,
      0.564978,
      0.564164,
      0.563672,
      0.563186
    ],
    "mean_cossim": 0.561033,
    "best_of_k_mean_cossim": 0.567866,
    "sample_diversity_l2": 920.449803
  },
  "dit_distributional_hv": {
    "n_samples": 8,
    "subset": "hv",
    "n_test": 64,
    "mean_cossim_by_step": [
      0.566648,
      0.566674,
      0.566516,
      0.565128,
      0.563615,
      0.561396,
      0.559404,
      0.556988,
      0.555342,
      0.553606,
      0.55099,
      0.549221,
      0.545221,
      0.542675,
      0.539882,
      0.536956
    ],
    "best_of_k_cossim_by_step": [
      0.573013,
      0.573824,
      0.573436,
      0.5714,
      0.570184,
      0.567904,
      0.566344,
      0.563376,
      0.561865,
      0.559892,
      0.557369,
      0.555562,
      0.552008,
      0.548688,
      0.546523,
      0.543432
    ],
    "mean_cossim": 0.555016,
    "best_of_k_mean_cossim": 0.561551,
    "sample_diversity_l2": 920.510357
  },
  "matched_noise_distributional_hv": {
    "n_samples": 8,
    "subset": "hv",
    "n_test": 64,
    "mean_cossim": 0.605426,
    "best_of_k_mean_cossim": 0.610587,
    "sample_diversity_l2": 861.028159
  },
  "mlp": {
    "cossim_by_step": [
      0.851936,
      0.827291,
      0.812068,
      0.800059,
      0.790538,
      0.783375,
      0.777328,
      0.772594,
      0.768051,
      0.763885,
      0.758727,
      0.753714,
      0.748565,
      0.744163,
      0.740336,
      0.736821
    ],
    "copy_by_step": [
      0.863781,
      0.82046,
      0.793292,
      0.772179,
      0.756545,
      0.74482,
      0.734627,
      0.727414,
      0.721002,
      0.715656,
      0.708816,
      0.702173,
      0.695047,
      0.688695,
      0.68376,
      0.678998
    ],
    "mean_cossim": 0.776841,
    "n_test": 256,
    "model": "mlp_spatial",
    "train_time_s": 5.7,
    "n_params": 1296512
  },
  "mlp_hv": {
    "cossim_by_step": [
      0.845218,
      0.820071,
      0.80209,
      0.786893,
      0.77463,
      0.762759,
      0.754054,
      0.745886,
      0.739287,
      0.73291,
      0.726084,
      0.719403,
      0.713104,
      0.706371,
      0.700237,
      0.694016
    ],
    "copy_by_step": [
      0.861293,
      0.810721,
      0.774838,
      0.747528,
      0.727008,
      0.709522,
      0.695772,
      0.685728,
      0.678935,
      0.671887,
      0.665465,
      0.658545,
      0.651107,
      0.642345,
      0.635447,
      0.628732
    ],
    "mean_cossim": 0.751438,
    "n_test": 64
  },
  "gap": -0.215881,
  "dit_wins": false,
  "dit_step1_beats_copy": false,
  "mlp_hidden": 512
}