{
  "mode": "direct",
  "smoke": false,
  "objective": "x0",
  "dit": {
    "cossim_by_step": [
      0.87981,
      0.852414,
      0.837423,
      0.827738,
      0.820687,
      0.815294,
      0.810927,
      0.806954,
      0.803822,
      0.801086,
      0.798525,
      0.796094,
      0.793509,
      0.791421,
      0.789634,
      0.787594
    ],
    "copy_by_step": [
      0.873954,
      0.837245,
      0.81425,
      0.797924,
      0.785256,
      0.774907,
      0.766238,
      0.758535,
      0.751921,
      0.746351,
      0.741012,
      0.736189,
      0.731827,
      0.728195,
      0.724621,
      0.721365
    ],
    "mean_cossim": 0.813308,
    "n_test": 3619,
    "model": "dit_direct",
    "train_time_s": 7357.3,
    "n_params": 12094080,
    "objective": "x0"
  },
  "mlp": {
    "cossim_by_step": [
      0.847607,
      0.835763,
      0.82783,
      0.822115,
      0.817655,
      0.813609,
      0.810086,
      0.806877,
      0.804243,
      0.801533,
      0.799241,
      0.796819,
      0.794838,
      0.792959,
      0.791125,
      0.789457
    ],
    "copy_by_step": [
      0.873954,
      0.837245,
      0.81425,
      0.797924,
      0.785256,
      0.774907,
      0.766238,
      0.758535,
      0.751921,
      0.746351,
      0.741012,
      0.736189,
      0.731827,
      0.728195,
      0.724621,
      0.721365
    ],
    "mean_cossim": 0.809485,
    "n_test": 3619,
    "model": "mlp_spatial",
    "train_time_s": 2886.8,
    "n_params": 12507776
  },
  "gap": 0.003823,
  "dit_wins": true,
  "dit_step1_beats_copy": true,
  "mlp_hidden": 2816
}