{
  "mode": "direct",
  "smoke": false,
  "dit": {
    "cossim_by_step": [
      0.901517,
      0.866037,
      0.844491,
      0.8296,
      0.817993,
      0.808586,
      0.800708,
      0.794008,
      0.788055,
      0.782571,
      0.777881,
      0.773606,
      0.769684,
      0.766188,
      0.762465,
      0.759264
    ],
    "copy_by_step": [
      0.893038,
      0.846389,
      0.816348,
      0.794406,
      0.777059,
      0.762824,
      0.750691,
      0.740636,
      0.731671,
      0.724199,
      0.717357,
      0.711059,
      0.705335,
      0.700325,
      0.69575,
      0.691882
    ],
    "mean_cossim": 0.802666,
    "n_test": 3619,
    "model": "dit_direct",
    "train_time_s": 9383.0,
    "n_params": 12099840
  },
  "mlp": {
    "cossim_by_step": [
      0.85456,
      0.831945,
      0.816625,
      0.805255,
      0.795966,
      0.788406,
      0.781242,
      0.775504,
      0.769981,
      0.765959,
      0.761564,
      0.757554,
      0.75407,
      0.751029,
      0.747914,
      0.745224
    ],
    "copy_by_step": [
      0.893038,
      0.846389,
      0.816348,
      0.794406,
      0.777059,
      0.762824,
      0.750691,
      0.740636,
      0.731671,
      0.724199,
      0.717357,
      0.711059,
      0.705335,
      0.700325,
      0.69575,
      0.691882
    ],
    "mean_cossim": 0.781425,
    "n_test": 3619,
    "model": "mlp_spatial",
    "train_time_s": 679.1,
    "n_params": 1296512
  },
  "gap": 0.021241,
  "dit_wins": true,
  "dit_step1_beats_copy": true
}