{
  "mode": "direct",
  "smoke": false,
  "dit": {
    "cossim_by_step": [
      0.904515,
      0.870157,
      0.848387,
      0.832998,
      0.821084,
      0.811429,
      0.803289,
      0.796085,
      0.789598,
      0.783981,
      0.778989,
      0.774409,
      0.770063,
      0.765994,
      0.762268,
      0.758956
    ],
    "copy_by_step": [
      0.893038,
      0.846389,
      0.816348,
      0.794406,
      0.777059,
      0.762824,
      0.750691,
      0.740636,
      0.731671,
      0.724199,
      0.717357,
      0.711059,
      0.705335,
      0.700325,
      0.69575,
      0.691882
    ],
    "mean_cossim": 0.804513,
    "n_test": 3619,
    "model": "dit_direct",
    "train_time_s": 9979.6,
    "n_params": 12099840
  },
  "mlp": {
    "cossim_by_step": [
      0.852402,
      0.836053,
      0.824692,
      0.815862,
      0.808323,
      0.802137,
      0.796625,
      0.791562,
      0.787354,
      0.783617,
      0.780274,
      0.776379,
      0.77348,
      0.770338,
      0.767557,
      0.764498
    ],
    "copy_by_step": [
      0.893038,
      0.846389,
      0.816348,
      0.794406,
      0.777059,
      0.762824,
      0.750691,
      0.740636,
      0.731671,
      0.724199,
      0.717357,
      0.711059,
      0.705335,
      0.700325,
      0.69575,
      0.691882
    ],
    "mean_cossim": 0.795697,
    "n_test": 3619,
    "model": "mlp_spatial",
    "train_time_s": 3918.3,
    "n_params": 12507776
  },
  "gap": 0.008816,
  "dit_wins": true,
  "dit_step1_beats_copy": true,
  "mlp_hidden": 2816
}