{
  "mode": "direct",
  "smoke": false,
  "objective": "x0",
  "dit": {
    "cossim_by_step": [
      0.904645,
      0.870735,
      0.849654,
      0.834721,
      0.823269,
      0.81377,
      0.805733,
      0.799157,
      0.793126,
      0.787487,
      0.782365,
      0.77757,
      0.772802,
      0.768673,
      0.764884,
      0.761372
    ],
    "copy_by_step": [
      0.893038,
      0.846389,
      0.816348,
      0.794406,
      0.777059,
      0.762824,
      0.750691,
      0.740636,
      0.731671,
      0.724199,
      0.717357,
      0.711059,
      0.705335,
      0.700325,
      0.69575,
      0.691882
    ],
    "mean_cossim": 0.806873,
    "n_test": 3619,
    "model": "dit_direct",
    "train_time_s": 9975.0,
    "n_params": 12099840,
    "objective": "x0"
  },
  "mlp": {
    "cossim_by_step": [
      0.851066,
      0.835244,
      0.823669,
      0.815375,
      0.808083,
      0.801865,
      0.796363,
      0.791571,
      0.787545,
      0.783846,
      0.780152,
      0.776792,
      0.773579,
      0.770469,
      0.767432,
      0.764841
    ],
    "copy_by_step": [
      0.893038,
      0.846389,
      0.816348,
      0.794406,
      0.777059,
      0.762824,
      0.750691,
      0.740636,
      0.731671,
      0.724199,
      0.717357,
      0.711059,
      0.705335,
      0.700325,
      0.69575,
      0.691882
    ],
    "mean_cossim": 0.795493,
    "n_test": 3619,
    "model": "mlp_spatial",
    "train_time_s": 3902.8,
    "n_params": 12507776
  },
  "gap": 0.01138,
  "dit_wins": true,
  "dit_step1_beats_copy": true,
  "mlp_hidden": 2816
}