{
  "mode": "direct",
  "smoke": false,
  "dit": {
    "cossim_by_step": [
      0.879806,
      0.85241,
      0.837419,
      0.827734,
      0.820682,
      0.815289,
      0.810922,
      0.806948,
      0.803816,
      0.801081,
      0.79852,
      0.796088,
      0.793503,
      0.791415,
      0.789628,
      0.787587
    ],
    "copy_by_step": [
      0.873954,
      0.837245,
      0.81425,
      0.797924,
      0.785256,
      0.774907,
      0.766238,
      0.758535,
      0.751921,
      0.746351,
      0.741012,
      0.736189,
      0.731827,
      0.728195,
      0.724621,
      0.721365
    ],
    "mean_cossim": 0.813303,
    "n_test": 3619,
    "model": "dit_direct",
    "train_time_s": 6950.6,
    "n_params": 12094080
  },
  "mlp": {
    "cossim_by_step": [
      0.84325,
      0.825947,
      0.814276,
      0.806283,
      0.80018,
      0.794734,
      0.790146,
      0.78585,
      0.782348,
      0.779701,
      0.776793,
      0.774154,
      0.771707,
      0.769764,
      0.767659,
      0.765786
    ],
    "copy_by_step": [
      0.873954,
      0.837245,
      0.81425,
      0.797924,
      0.785256,
      0.774907,
      0.766238,
      0.758535,
      0.751921,
      0.746351,
      0.741012,
      0.736189,
      0.731827,
      0.728195,
      0.724621,
      0.721365
    ],
    "mean_cossim": 0.790536,
    "n_test": 3619,
    "model": "mlp_spatial",
    "train_time_s": 501.2,
    "n_params": 1296512
  },
  "gap": 0.022767,
  "dit_wins": true,
  "dit_step1_beats_copy": true
}