{
  "mode": "direct",
  "smoke": false,
  "dit": {
    "cossim_by_step": [
      0.87853,
      0.850354,
      0.835035,
      0.825247,
      0.818009,
      0.812516,
      0.807944,
      0.80407,
      0.800877,
      0.79794,
      0.795201,
      0.792552,
      0.790241,
      0.787999,
      0.786038,
      0.784231
    ],
    "copy_by_step": [
      0.873954,
      0.837245,
      0.81425,
      0.797924,
      0.785256,
      0.774907,
      0.766238,
      0.758535,
      0.751921,
      0.746351,
      0.741012,
      0.736189,
      0.731827,
      0.728195,
      0.724621,
      0.721365
    ],
    "mean_cossim": 0.810424,
    "n_test": 3619,
    "model": "dit_direct",
    "train_time_s": 7471.9,
    "n_params": 12094080
  },
  "mlp": {
    "cossim_by_step": [
      0.846426,
      0.834869,
      0.827195,
      0.821466,
      0.817024,
      0.813121,
      0.809657,
      0.80643,
      0.803637,
      0.801415,
      0.799055,
      0.796375,
      0.794287,
      0.792621,
      0.790506,
      0.78887
    ],
    "copy_by_step": [
      0.873954,
      0.837245,
      0.81425,
      0.797924,
      0.785256,
      0.774907,
      0.766238,
      0.758535,
      0.751921,
      0.746351,
      0.741012,
      0.736189,
      0.731827,
      0.728195,
      0.724621,
      0.721365
    ],
    "mean_cossim": 0.808935,
    "n_test": 3619,
    "model": "mlp_spatial",
    "train_time_s": 2965.2,
    "n_params": 12507776
  },
  "gap": 0.001489,
  "dit_wins": true,
  "dit_step1_beats_copy": true,
  "mlp_hidden": 2816
}