{
  "mode": "anchored_x0",
  "smoke": true,
  "dit": {
    "cossim_by_step": [
      0.863735,
      0.820394,
      0.793212,
      0.772088,
      0.756444,
      0.744713,
      0.734513,
      0.727294,
      0.720878,
      0.715532,
      0.708689,
      0.702042,
      0.694911,
      0.688557,
      0.683618,
      0.678853
    ],
    "copy_by_step": [
      0.863781,
      0.82046,
      0.793292,
      0.772179,
      0.756545,
      0.74482,
      0.734627,
      0.727414,
      0.721002,
      0.715656,
      0.708816,
      0.702173,
      0.695047,
      0.688695,
      0.68376,
      0.678998
    ],
    "mean_cossim": 0.737842,
    "n_test": 256,
    "model": "dit_anchored_x0",
    "train_time_s": 37.8,
    "n_params": 12094080
  },
  "mlp": {
    "cossim_by_step": [
      0.853627,
      0.827474,
      0.811194,
      0.79816,
      0.787866,
      0.780021,
      0.773969,
      0.768996,
      0.764325,
      0.760177,
      0.754775,
      0.749939,
      0.744606,
      0.740492,
      0.736856,
      0.733093
    ],
    "copy_by_step": [
      0.863781,
      0.82046,
      0.793292,
      0.772179,
      0.756545,
      0.74482,
      0.734627,
      0.727414,
      0.721002,
      0.715656,
      0.708816,
      0.702173,
      0.695047,
      0.688695,
      0.68376,
      0.678998
    ],
    "mean_cossim": 0.774098,
    "n_test": 256,
    "model": "mlp_spatial",
    "train_time_s": 5.6,
    "n_params": 1296512
  },
  "gap": -0.036256,
  "dit_wins": false,
  "dit_step1_beats_copy": false
}