{
  "dit_spatial": {
    "cossim_by_step": [
      0.688694,
      0.691887,
      0.691857,
      0.68952,
      0.686206,
      0.683042,
      0.679313,
      0.675809,
      0.672274,
      0.669104,
      0.66633,
      0.663803,
      0.66123,
      0.657897,
      0.652821,
      0.64546
    ],
    "copy_by_step": [
      0.893038,
      0.846389,
      0.816348,
      0.794406,
      0.777059,
      0.762824,
      0.750691,
      0.740636,
      0.731671,
      0.724199,
      0.717357,
      0.711059,
      0.705335,
      0.700325,
      0.69575,
      0.691882
    ],
    "mean_cossim": 0.673453,
    "n_test": 3619,
    "model": "dit_spatial",
    "train_time_s": 9336.0,
    "n_params": 12099840
  },
  "mlp_spatial": {
    "cossim_by_step": [
      0.851884,
      0.829701,
      0.814485,
      0.80331,
      0.794051,
      0.786247,
      0.779322,
      0.773493,
      0.768596,
      0.764163,
      0.759925,
      0.756201,
      0.752805,
      0.749424,
      0.746268,
      0.743725
    ],
    "copy_by_step": [
      0.893038,
      0.846389,
      0.816348,
      0.794406,
      0.777059,
      0.762824,
      0.750691,
      0.740636,
      0.731671,
      0.724199,
      0.717357,
      0.711059,
      0.705335,
      0.700325,
      0.69575,
      0.691882
    ],
    "mean_cossim": 0.7796,
    "n_test": 3619,
    "model": "mlp_spatial",
    "train_time_s": 666.6,
    "n_params": 1296512
  },
  "gap": -0.106147,
  "dit_wins": false
}