{
  "mode": "anchored_x0",
  "smoke": true,
  "objective": "vpred",
  "dit": {
    "cossim_by_step": [
      0.563726,
      0.563772,
      0.564331,
      0.56351,
      0.563433,
      0.56343,
      0.562757,
      0.561808,
      0.561291,
      0.560686,
      0.560003,
      0.558955,
      0.557787,
      0.556918,
      0.556211,
      0.556413
    ],
    "copy_by_step": [
      0.863781,
      0.82046,
      0.793292,
      0.772179,
      0.756545,
      0.74482,
      0.734627,
      0.727414,
      0.721002,
      0.715656,
      0.708816,
      0.702173,
      0.695047,
      0.688695,
      0.68376,
      0.678998
    ],
    "mean_cossim": 0.560939,
    "n_test": 256,
    "model": "dit_anchored_x0_vpred",
    "train_time_s": 41.0,
    "n_params": 12094080,
    "objective": "vpred"
  },
  "mlp": {
    "cossim_by_step": [
      0.853627,
      0.827474,
      0.811194,
      0.79816,
      0.787866,
      0.780021,
      0.773969,
      0.768996,
      0.764325,
      0.760177,
      0.754775,
      0.749939,
      0.744606,
      0.740492,
      0.736856,
      0.733093
    ],
    "copy_by_step": [
      0.863781,
      0.82046,
      0.793292,
      0.772179,
      0.756545,
      0.74482,
      0.734627,
      0.727414,
      0.721002,
      0.715656,
      0.708816,
      0.702173,
      0.695047,
      0.688695,
      0.68376,
      0.678998
    ],
    "mean_cossim": 0.774098,
    "n_test": 256,
    "model": "mlp_spatial",
    "train_time_s": 8.0,
    "n_params": 1296512
  },
  "gap": -0.213159,
  "dit_wins": false,
  "dit_step1_beats_copy": false,
  "mlp_hidden": 512
}