{
  "mode": "anchored_x0",
  "smoke": false,
  "dit": {
    "cossim_by_step": [
      0.679946,
      0.591032,
      0.542591,
      0.511112,
      0.488358,
      0.471675,
      0.457857,
      0.445901,
      0.435742,
      0.428034,
      0.42151,
      0.416458,
      0.413001,
      0.411176,
      0.409929,
      0.406625
    ],
    "copy_by_step": [
      0.873954,
      0.837245,
      0.81425,
      0.797924,
      0.785256,
      0.774907,
      0.766238,
      0.758535,
      0.751921,
      0.746351,
      0.741012,
      0.736189,
      0.731827,
      0.728195,
      0.724621,
      0.721365
    ],
    "mean_cossim": 0.470684,
    "n_test": 3619,
    "model": "dit_anchored_x0",
    "train_time_s": 7494.3,
    "n_params": 12094080
  },
  "mlp": {
    "cossim_by_step": [
      0.843868,
      0.826023,
      0.814246,
      0.806414,
      0.800178,
      0.794919,
      0.790716,
      0.786603,
      0.783518,
      0.78041,
      0.777265,
      0.774535,
      0.771925,
      0.769854,
      0.768116,
      0.766041
    ],
    "copy_by_step": [
      0.873954,
      0.837245,
      0.81425,
      0.797924,
      0.785256,
      0.774907,
      0.766238,
      0.758535,
      0.751921,
      0.746351,
      0.741012,
      0.736189,
      0.731827,
      0.728195,
      0.724621,
      0.721365
    ],
    "mean_cossim": 0.790914,
    "n_test": 3619,
    "model": "mlp_spatial",
    "train_time_s": 776.6,
    "n_params": 1296512
  },
  "gap": -0.32023,
  "dit_wins": false,
  "dit_step1_beats_copy": false
}