{
  "mode": "direct",
  "smoke": false,
  "dit": {
    "cossim_by_step": [
      0.904645,
      0.870735,
      0.849655,
      0.834722,
      0.823271,
      0.813772,
      0.805735,
      0.799159,
      0.793127,
      0.787489,
      0.782367,
      0.777572,
      0.772804,
      0.768675,
      0.764886,
      0.761374
    ],
    "copy_by_step": [
      0.893038,
      0.846389,
      0.816348,
      0.794406,
      0.777059,
      0.762824,
      0.750691,
      0.740636,
      0.731671,
      0.724199,
      0.717357,
      0.711059,
      0.705335,
      0.700325,
      0.69575,
      0.691882
    ],
    "mean_cossim": 0.806874,
    "n_test": 3619,
    "model": "dit_direct",
    "train_time_s": 9259.3,
    "n_params": 12099840
  },
  "mlp": {
    "cossim_by_step": [
      0.85571,
      0.833155,
      0.817433,
      0.806146,
      0.796579,
      0.788718,
      0.781862,
      0.776249,
      0.771048,
      0.766528,
      0.762439,
      0.757936,
      0.754156,
      0.750692,
      0.747719,
      0.744955
    ],
    "copy_by_step": [
      0.893038,
      0.846389,
      0.816348,
      0.794406,
      0.777059,
      0.762824,
      0.750691,
      0.740636,
      0.731671,
      0.724199,
      0.717357,
      0.711059,
      0.705335,
      0.700325,
      0.69575,
      0.691882
    ],
    "mean_cossim": 0.781958,
    "n_test": 3619,
    "model": "mlp_spatial",
    "train_time_s": 640.7,
    "n_params": 1296512
  },
  "gap": 0.024916,
  "dit_wins": true,
  "dit_step1_beats_copy": true
}