{
  "mode": "direct",
  "smoke": false,
  "dit": {
    "cossim_by_step": [
      0.87982,
      0.8516,
      0.835901,
      0.82576,
      0.818766,
      0.812962,
      0.808262,
      0.80445,
      0.801189,
      0.79821,
      0.795389,
      0.792772,
      0.790205,
      0.788072,
      0.78628,
      0.784435
    ],
    "copy_by_step": [
      0.873954,
      0.837245,
      0.81425,
      0.797924,
      0.785256,
      0.774907,
      0.766238,
      0.758535,
      0.751921,
      0.746351,
      0.741012,
      0.736189,
      0.731827,
      0.728195,
      0.724621,
      0.721365
    ],
    "mean_cossim": 0.81088,
    "n_test": 3619,
    "model": "dit_direct",
    "train_time_s": 6948.9,
    "n_params": 12094080
  },
  "mlp": {
    "cossim_by_step": [
      0.844342,
      0.826506,
      0.815272,
      0.806921,
      0.801019,
      0.795598,
      0.791076,
      0.787212,
      0.783815,
      0.780933,
      0.778077,
      0.775328,
      0.772661,
      0.770627,
      0.768695,
      0.766926
    ],
    "copy_by_step": [
      0.873954,
      0.837245,
      0.81425,
      0.797924,
      0.785256,
      0.774907,
      0.766238,
      0.758535,
      0.751921,
      0.746351,
      0.741012,
      0.736189,
      0.731827,
      0.728195,
      0.724621,
      0.721365
    ],
    "mean_cossim": 0.791563,
    "n_test": 3619,
    "model": "mlp_spatial",
    "train_time_s": 539.3,
    "n_params": 1296512
  },
  "gap": 0.019317,
  "dit_wins": true,
  "dit_step1_beats_copy": true
}