{
  "dit_spatial": {
    "cossim_by_step": [
      0.715697,
      0.71679,
      0.715605,
      0.714151,
      0.712308,
      0.710239,
      0.707579,
      0.704878,
      0.702695,
      0.700676,
      0.699061,
      0.697051,
      0.694583,
      0.692451,
      0.688672,
      0.68352
    ],
    "copy_by_step": [
      0.873954,
      0.837245,
      0.81425,
      0.797924,
      0.785256,
      0.774907,
      0.766238,
      0.758535,
      0.751921,
      0.746351,
      0.741012,
      0.736189,
      0.731827,
      0.728195,
      0.724621,
      0.721365
    ],
    "mean_cossim": 0.703497,
    "n_test": 3619,
    "model": "dit_spatial",
    "train_time_s": 6956.8,
    "n_params": 12094080
  },
  "mlp_spatial": {
    "cossim_by_step": [
      0.843868,
      0.826023,
      0.814246,
      0.806414,
      0.800178,
      0.794919,
      0.790716,
      0.786603,
      0.783518,
      0.78041,
      0.777265,
      0.774535,
      0.771925,
      0.769854,
      0.768116,
      0.766041
    ],
    "copy_by_step": [
      0.873954,
      0.837245,
      0.81425,
      0.797924,
      0.785256,
      0.774907,
      0.766238,
      0.758535,
      0.751921,
      0.746351,
      0.741012,
      0.736189,
      0.731827,
      0.728195,
      0.724621,
      0.721365
    ],
    "mean_cossim": 0.790914,
    "n_test": 3619,
    "model": "mlp_spatial",
    "train_time_s": 507.7,
    "n_params": 1296512
  },
  "gap": -0.087417,
  "dit_wins": false
}