{
  "mode": "anchored_x0",
  "smoke": true,
  "objective": "x0",
  "action_mode": "coarse",
  "window_stride": 1,
  "hv_threshold_steer_std": 0.056086,
  "n_hv_test": 64,
  "coarse_theta": 0.1,
  "left_center": -0.125273,
  "right_center": 0.192115,
  "coarse_balance_test": {
    "left": 0,
    "straight": 223,
    "right": 33,
    "frac_left": 0.0,
    "frac_straight": 0.8711,
    "frac_right": 0.1289
  },
  "dit": {
    "cossim_by_step": [
      0.863721,
      0.820374,
      0.793188,
      0.772062,
      0.756417,
      0.744683,
      0.734482,
      0.727261,
      0.720844,
      0.715495,
      0.708648,
      0.702,
      0.694869,
      0.688513,
      0.683574,
      0.678806
    ],
    "copy_by_step": [
      0.863781,
      0.82046,
      0.793292,
      0.772179,
      0.756545,
      0.74482,
      0.734627,
      0.727414,
      0.721002,
      0.715656,
      0.708816,
      0.702173,
      0.695047,
      0.688695,
      0.68376,
      0.678998
    ],
    "mean_cossim": 0.737809,
    "n_test": 256,
    "model": "dit_anchored_x0_x0",
    "train_time_s": 41.5,
    "n_params": 12094080,
    "objective": "x0"
  },
  "dit_distributional": {
    "n_samples": 8,
    "subset": "all",
    "n_test": 256,
    "mean_cossim_by_step": [
      0.863721,
      0.820374,
      0.793188,
      0.772062,
      0.756417,
      0.744683,
      0.734482,
      0.727261,
      0.720844,
      0.715495,
      0.708648,
      0.702,
      0.694869,
      0.688513,
      0.683574,
      0.678806
    ],
    "best_of_k_cossim_by_step": [
      0.863721,
      0.820374,
      0.793188,
      0.772062,
      0.756417,
      0.744683,
      0.734482,
      0.727261,
      0.720844,
      0.715495,
      0.708648,
      0.702,
      0.694869,
      0.688513,
      0.683574,
      0.678806
    ],
    "mean_cossim": 0.737809,
    "best_of_k_mean_cossim": 0.737809,
    "sample_diversity_l2": 0.000855
  },
  "dit_distributional_hv": {
    "n_samples": 8,
    "subset": "hv",
    "n_test": 64,
    "mean_cossim_by_step": [
      0.861228,
      0.81062,
      0.77471,
      0.74738,
      0.726846,
      0.709349,
      0.695591,
      0.68554,
      0.678746,
      0.671699,
      0.665274,
      0.658351,
      0.650911,
      0.642142,
      0.63524,
      0.628521
    ],
    "best_of_k_cossim_by_step": [
      0.861228,
      0.81062,
      0.77471,
      0.74738,
      0.726846,
      0.709349,
      0.695591,
      0.68554,
      0.678746,
      0.671699,
      0.665274,
      0.658351,
      0.650911,
      0.642143,
      0.63524,
      0.628521
    ],
    "mean_cossim": 0.702634,
    "best_of_k_mean_cossim": 0.702634,
    "sample_diversity_l2": 0.000858
  },
  "matched_noise_distributional_hv": {
    "n_samples": 8,
    "subset": "hv",
    "n_test": 64,
    "mean_cossim": 0.703017,
    "best_of_k_mean_cossim": 0.703017,
    "sample_diversity_l2": 0.001014
  },
  "mlp": {
    "cossim_by_step": [
      0.851936,
      0.827291,
      0.812068,
      0.800059,
      0.790538,
      0.783375,
      0.777328,
      0.772594,
      0.768051,
      0.763885,
      0.758727,
      0.753714,
      0.748565,
      0.744163,
      0.740336,
      0.736821
    ],
    "copy_by_step": [
      0.863781,
      0.82046,
      0.793292,
      0.772179,
      0.756545,
      0.74482,
      0.734627,
      0.727414,
      0.721002,
      0.715656,
      0.708816,
      0.702173,
      0.695047,
      0.688695,
      0.68376,
      0.678998
    ],
    "mean_cossim": 0.776841,
    "n_test": 256,
    "model": "mlp_spatial",
    "train_time_s": 8.7,
    "n_params": 1296512
  },
  "mlp_hv": {
    "cossim_by_step": [
      0.845218,
      0.820071,
      0.80209,
      0.786893,
      0.77463,
      0.762759,
      0.754054,
      0.745886,
      0.739287,
      0.73291,
      0.726084,
      0.719403,
      0.713104,
      0.706371,
      0.700237,
      0.694016
    ],
    "copy_by_step": [
      0.861293,
      0.810721,
      0.774838,
      0.747528,
      0.727008,
      0.709522,
      0.695772,
      0.685728,
      0.678935,
      0.671887,
      0.665465,
      0.658545,
      0.651107,
      0.642345,
      0.635447,
      0.628732
    ],
    "mean_cossim": 0.751438,
    "n_test": 64
  },
  "gap": -0.039032,
  "dit_wins": false,
  "dit_step1_beats_copy": false,
  "mlp_hidden": 512
}