{
  "mode": "direct",
  "smoke": false,
  "dit": {
    "cossim_by_step": [
      0.901508,
      0.866025,
      0.844477,
      0.829583,
      0.817974,
      0.808566,
      0.800687,
      0.793986,
      0.788032,
      0.782547,
      0.777857,
      0.773582,
      0.769659,
      0.766162,
      0.762439,
      0.759236
    ],
    "copy_by_step": [
      0.893038,
      0.846389,
      0.816348,
      0.794406,
      0.777059,
      0.762824,
      0.750691,
      0.740636,
      0.731671,
      0.724199,
      0.717357,
      0.711059,
      0.705335,
      0.700325,
      0.69575,
      0.691882
    ],
    "mean_cossim": 0.802645,
    "n_test": 3619,
    "model": "dit_direct",
    "train_time_s": 9747.5,
    "n_params": 12099840
  },
  "mlp": {
    "cossim_by_step": [
      0.851519,
      0.83536,
      0.823811,
      0.815339,
      0.808094,
      0.80186,
      0.796343,
      0.791673,
      0.787333,
      0.783426,
      0.779567,
      0.775935,
      0.772888,
      0.769852,
      0.767066,
      0.764606
    ],
    "copy_by_step": [
      0.893038,
      0.846389,
      0.816348,
      0.794406,
      0.777059,
      0.762824,
      0.750691,
      0.740636,
      0.731671,
      0.724199,
      0.717357,
      0.711059,
      0.705335,
      0.700325,
      0.69575,
      0.691882
    ],
    "mean_cossim": 0.795292,
    "n_test": 3619,
    "model": "mlp_spatial",
    "train_time_s": 3785.8,
    "n_params": 12507776
  },
  "gap": 0.007353,
  "dit_wins": true,
  "dit_step1_beats_copy": true,
  "mlp_hidden": 2816
}