{
  "mode": "direct",
  "smoke": false,
  "dit": {
    "cossim_by_step": [
      0.878517,
      0.850341,
      0.835023,
      0.825236,
      0.817999,
      0.812506,
      0.807935,
      0.804061,
      0.800869,
      0.797932,
      0.795193,
      0.792544,
      0.790234,
      0.787991,
      0.78603,
      0.784223
    ],
    "copy_by_step": [
      0.873954,
      0.837245,
      0.81425,
      0.797924,
      0.785256,
      0.774907,
      0.766238,
      0.758535,
      0.751921,
      0.746351,
      0.741012,
      0.736189,
      0.731827,
      0.728195,
      0.724621,
      0.721365
    ],
    "mean_cossim": 0.810415,
    "n_test": 3619,
    "model": "dit_direct",
    "train_time_s": 7102.3,
    "n_params": 12094080
  },
  "mlp": {
    "cossim_by_step": [
      0.843935,
      0.826228,
      0.814408,
      0.806595,
      0.800402,
      0.795319,
      0.790996,
      0.786883,
      0.78397,
      0.780696,
      0.777682,
      0.774778,
      0.772205,
      0.770337,
      0.768532,
      0.766564
    ],
    "copy_by_step": [
      0.873954,
      0.837245,
      0.81425,
      0.797924,
      0.785256,
      0.774907,
      0.766238,
      0.758535,
      0.751921,
      0.746351,
      0.741012,
      0.736189,
      0.731827,
      0.728195,
      0.724621,
      0.721365
    ],
    "mean_cossim": 0.791221,
    "n_test": 3619,
    "model": "mlp_spatial",
    "train_time_s": 576.6,
    "n_params": 1296512
  },
  "gap": 0.019194,
  "dit_wins": true,
  "dit_step1_beats_copy": true
}