{
  "mode": "direct",
  "smoke": false,
  "objective": "x0",
  "dit": {
    "cossim_by_step": [
      0.879825,
      0.851605,
      0.835907,
      0.825764,
      0.818771,
      0.812966,
      0.808266,
      0.804454,
      0.801193,
      0.798214,
      0.795393,
      0.792776,
      0.790209,
      0.788076,
      0.786285,
      0.78444
    ],
    "copy_by_step": [
      0.873954,
      0.837245,
      0.81425,
      0.797924,
      0.785256,
      0.774907,
      0.766238,
      0.758535,
      0.751921,
      0.746351,
      0.741012,
      0.736189,
      0.731827,
      0.728195,
      0.724621,
      0.721365
    ],
    "mean_cossim": 0.810884,
    "n_test": 3619,
    "model": "dit_direct",
    "train_time_s": 7536.1,
    "n_params": 12094080,
    "objective": "x0"
  },
  "mlp": {
    "cossim_by_step": [
      0.847904,
      0.836201,
      0.828284,
      0.822688,
      0.818247,
      0.814055,
      0.810488,
      0.807383,
      0.804758,
      0.802037,
      0.799735,
      0.797235,
      0.794986,
      0.792971,
      0.791141,
      0.789339
    ],
    "copy_by_step": [
      0.873954,
      0.837245,
      0.81425,
      0.797924,
      0.785256,
      0.774907,
      0.766238,
      0.758535,
      0.751921,
      0.746351,
      0.741012,
      0.736189,
      0.731827,
      0.728195,
      0.724621,
      0.721365
    ],
    "mean_cossim": 0.809841,
    "n_test": 3619,
    "model": "mlp_spatial",
    "train_time_s": 2989.8,
    "n_params": 12507776
  },
  "gap": 0.001043,
  "dit_wins": true,
  "dit_step1_beats_copy": true,
  "mlp_hidden": 2816
}