{
  "smoke": false,
  "mlp_hidden": 1024,
  "mode": "diffusion",
  "action_dropout": 0.0,
  "direct_baseline_mean": 0.527,
  "mlp_baseline_mean": 0.484,
  "conditioned_direct_mean": 0.527,
  "eval_subset": "high_action_variance_top_quartile_steer_std",
  "hv_threshold_steer_std": 0.075264,
  "n_hv_test": 905,
  "epoch_losses": [
    0.992041,
    0.926582,
    0.911184,
    0.901545,
    0.898728,
    0.888328,
    0.87657,
    0.853744,
    0.836931,
    0.824807,
    0.819645,
    0.815261,
    0.809411,
    0.806386,
    0.803382,
    0.801196,
    0.80136,
    0.794522,
    0.79891,
    0.794881,
    0.790023,
    0.786012,
    0.787449,
    0.788373,
    0.783277,
    0.783007,
    0.782683,
    0.780187,
    0.779689,
    0.779744,
    0.778843,
    0.775807,
    0.7747,
    0.773575,
    0.775267,
    0.771791,
    0.771393,
    0.771579,
    0.769677,
    0.771091,
    0.766256,
    0.769161,
    0.766907,
    0.768437,
    0.766566,
    0.767688,
    0.763104,
    0.763891,
    0.764462,
    0.76229,
    0.764746,
    0.762679,
    0.761832,
    0.761194,
    0.759624,
    0.756756,
    0.759023,
    0.756636,
    0.760022,
    0.757607,
    0.759125,
    0.758123,
    0.756596,
    0.755725,
    0.75692,
    0.756466,
    0.755499,
    0.754137,
    0.751424,
    0.7532,
    0.752697,
    0.751901,
    0.75324,
    0.750983,
    0.753268,
    0.75463,
    0.748955,
    0.748998,
    0.748306,
    0.749229,
    0.752121,
    0.747653,
    0.747995,
    0.751718,
    0.75318,
    0.745944,
    0.749181,
    0.748775,
    0.749088,
    0.745262,
    0.74684,
    0.746212,
    0.745703,
    0.742352,
    0.746987,
    0.746926,
    0.74483,
    0.744396,
    0.745514,
    0.744944
  ],
  "dit": {
    "n_params": 3029312,
    "skipped_eval": true
  }
}