{
  "smoke": true,
  "mlp_hidden": 1024,
  "dit": {
    "cossim_by_step": [
      0.445401,
      0.361553,
      0.319401,
      0.288483,
      0.269358,
      0.254574,
      0.243417,
      0.233634,
      0.224681,
      0.216123,
      0.208991,
      0.19928,
      0.192219,
      0.18343,
      0.176735,
      0.170736
    ],
    "copy_by_step": [
      0.445371,
      0.361392,
      0.319158,
      0.288198,
      0.269052,
      0.254269,
      0.243081,
      0.233281,
      0.22432,
      0.215726,
      0.208577,
      0.198828,
      0.191741,
      0.182938,
      0.176215,
      0.170191
    ],
    "mean_cossim": 0.249251,
    "n_test": 256,
    "n_params": 5396288
  },
  "mlp": {
    "cossim_by_step": [
      0.506798,
      0.447633,
      0.410438,
      0.382885,
      0.36381,
      0.350773,
      0.340899,
      0.331143,
      0.323432,
      0.315044,
      0.307021,
      0.298036,
      0.289743,
      0.281336,
      0.272892,
      0.268096
    ],
    "copy_by_step": [
      0.445371,
      0.361392,
      0.319158,
      0.288198,
      0.269052,
      0.254269,
      0.243081,
      0.233281,
      0.22432,
      0.215726,
      0.208577,
      0.198828,
      0.191741,
      0.182938,
      0.176215,
      0.170191
    ],
    "mean_cossim": 0.343124,
    "n_test": 256,
    "n_params": 1641024
  },
  "gap": -0.093873,
  "dit_wins": false
}