{
  "smoke": false,
  "mlp_hidden": 1024,
  "mode": "diffusion",
  "action_dropout": 0.0,
  "direct_baseline_mean": 0.527,
  "mlp_baseline_mean": 0.484,
  "conditioned_direct_mean": 0.527,
  "eval_subset": "high_action_variance_top_quartile_steer_std",
  "hv_threshold_steer_std": 0.075264,
  "n_hv_test": 905,
  "epoch_losses": [
    0.99339,
    0.923308,
    0.907514,
    0.898748,
    0.892058,
    0.877333,
    0.848027,
    0.830748,
    0.820224,
    0.811286,
    0.807382,
    0.80117,
    0.797619,
    0.796134,
    0.793188,
    0.792619,
    0.789382,
    0.787639,
    0.783307,
    0.783329,
    0.779128,
    0.780611,
    0.776875,
    0.774016,
    0.773401,
    0.770463,
    0.773386,
    0.771136,
    0.768521,
    0.772122,
    0.765962,
    0.76763,
    0.763462,
    0.764242,
    0.765033,
    0.758218,
    0.763658,
    0.761773,
    0.759774,
    0.759401,
    0.755996,
    0.758118,
    0.757865,
    0.759375,
    0.75538,
    0.753833,
    0.751134,
    0.754552,
    0.755724,
    0.753458,
    0.753081,
    0.751994,
    0.753442,
    0.750717,
    0.744088,
    0.747803,
    0.744606,
    0.74791,
    0.74811,
    0.744872,
    0.746095,
    0.744347,
    0.74511,
    0.744578,
    0.742929,
    0.744066,
    0.742018,
    0.743407,
    0.742917,
    0.741615,
    0.740535,
    0.740332,
    0.740325,
    0.741692,
    0.740904,
    0.73787,
    0.737793,
    0.736634,
    0.738937,
    0.734601,
    0.734761,
    0.738826,
    0.738584,
    0.73542,
    0.734277,
    0.735816,
    0.73265,
    0.733726,
    0.731926,
    0.7322,
    0.732483,
    0.733811,
    0.729369,
    0.733708,
    0.732906,
    0.728813,
    0.729583,
    0.727831,
    0.729682,
    0.729969
  ],
  "dit": {
    "n_params": 5396288,
    "skipped_eval": true
  }
}