{
  "smoke": false,
  "mlp_hidden": 1024,
  "dit": {
    "cossim_by_step": [
      0.657191,
      0.610212,
      0.583575,
      0.56437,
      0.548917,
      0.536535,
      0.526085,
      0.516947,
      0.508719,
      0.501403,
      0.494422,
      0.487422,
      0.481605,
      0.47603,
      0.471048,
      0.466611
    ],
    "copy_by_step": [
      0.574172,
      0.51473,
      0.482714,
      0.460721,
      0.444528,
      0.432124,
      0.421811,
      0.412959,
      0.404641,
      0.397837,
      0.391492,
      0.385692,
      0.380991,
      0.376547,
      0.372211,
      0.368864
    ],
    "mean_cossim": 0.526943,
    "n_test": 3619,
    "n_params": 5396288
  },
  "mlp": {
    "cossim_by_step": [
      0.572591,
      0.545163,
      0.525656,
      0.511477,
      0.500181,
      0.491227,
      0.483353,
      0.47654,
      0.470688,
      0.465023,
      0.459933,
      0.455646,
      0.451758,
      0.448022,
      0.444683,
      0.44232
    ],
    "copy_by_step": [
      0.574172,
      0.51473,
      0.482714,
      0.460721,
      0.444528,
      0.432124,
      0.421811,
      0.412959,
      0.404641,
      0.397837,
      0.391492,
      0.385692,
      0.380991,
      0.376547,
      0.372211,
      0.368864
    ],
    "mean_cossim": 0.484016,
    "n_test": 3619,
    "n_params": 1641024
  },
  "gap": 0.042927,
  "dit_wins": true
}