{
  "smoke": true,
  "mlp_hidden": 1024,
  "mode": "diffusion",
  "action_dropout": 0.0,
  "direct_baseline_mean": 0.527,
  "mlp_baseline_mean": 0.484,
  "conditioned_direct_mean": 0.527,
  "eval_subset": "high_action_variance_top_quartile_steer_std",
  "hv_threshold_steer_std": 0.056086,
  "n_hv_test": 64,
  "epoch_losses": [
    1.412001,
    1.287118,
    1.176538,
    1.137478
  ],
  "dit": {
    "cossim_by_step": [
      0.445837,
      0.36195,
      0.319741,
      0.288792,
      0.269629,
      0.254852,
      0.24368,
      0.233885,
      0.224915,
      0.216343,
      0.209197,
      0.199443,
      0.192349,
      0.183534,
      0.1768,
      0.170776
    ],
    "copy_by_step": [
      0.445371,
      0.361392,
      0.319158,
      0.288198,
      0.269052,
      0.254269,
      0.243081,
      0.233281,
      0.22432,
      0.215726,
      0.208577,
      0.198828,
      0.191741,
      0.182938,
      0.176215,
      0.170191
    ],
    "mean_cossim": 0.249483,
    "n_test": 256,
    "n_params": 5396288,
    "n_ddim_steps": 10
  },
  "g6": {
    "outcome": "fail",
    "mean_cossim": 0.249483,
    "best_of_k_mean_cossim": 0.0,
    "sample_diversity_l2": 0.0,
    "direct_baseline_mean": 0.527,
    "mlp_baseline_mean": 0.484
  },
  "smoke_gate": {
    "pass": true,
    "loss_decreased": true,
    "finite": true
  }
}