{
  "smoke": false,
  "mlp_hidden": 1024,
  "mode": "diffusion",
  "action_dropout": 0.0,
  "direct_baseline_mean": 0.527,
  "mlp_baseline_mean": 0.484,
  "conditioned_direct_mean": 0.527,
  "eval_subset": "high_action_variance_top_quartile_steer_std",
  "hv_threshold_steer_std": 0.075264,
  "n_hv_test": 905,
  "epoch_losses": [
    0.992785,
    0.921589,
    0.907013,
    0.901748,
    0.894591,
    0.884342,
    0.865845,
    0.849445,
    0.837483,
    0.821945,
    0.816325,
    0.812994,
    0.804244,
    0.800048,
    0.800527,
    0.796546,
    0.788827,
    0.7904,
    0.790372,
    0.787076,
    0.783351,
    0.782093,
    0.78031,
    0.776929,
    0.778886,
    0.776919,
    0.775613,
    0.774685,
    0.769537,
    0.771486,
    0.767047,
    0.770368,
    0.766084,
    0.764455,
    0.764883,
    0.765603,
    0.760173,
    0.761724,
    0.75881,
    0.756493,
    0.754994,
    0.759507,
    0.758538,
    0.758336,
    0.753468,
    0.753612,
    0.752956,
    0.753641,
    0.752193,
    0.751306,
    0.748336,
    0.752119,
    0.747816,
    0.749516,
    0.744026,
    0.749448,
    0.746812,
    0.746394,
    0.744804,
    0.74223,
    0.745745,
    0.740067,
    0.743357,
    0.739701,
    0.742289,
    0.740376,
    0.739189,
    0.740485,
    0.738829,
    0.740291,
    0.741998,
    0.739918,
    0.738864,
    0.736867,
    0.735577,
    0.735528,
    0.732331,
    0.73547,
    0.733012,
    0.736009,
    0.733796,
    0.734161,
    0.732127,
    0.73253,
    0.732968,
    0.732982,
    0.728709,
    0.732012,
    0.731472,
    0.729255,
    0.73282,
    0.731003,
    0.730604,
    0.729199,
    0.731395,
    0.725022,
    0.727965,
    0.730511,
    0.728495,
    0.726767
  ],
  "dit": {
    "n_params": 5396288,
    "skipped_eval": true
  }
}