{
  "smoke": true,
  "mlp_hidden": 1024,
  "mode": "diffusion",
  "direct_baseline_mean": 0.527,
  "mlp_baseline_mean": 0.484,
  "epoch_losses": [
    1.412091,
    1.286087,
    1.182862,
    1.143126
  ],
  "dit": {
    "cossim_by_step": [
      0.445831,
      0.361945,
      0.319737,
      0.288789,
      0.269626,
      0.254849,
      0.243677,
      0.233882,
      0.224913,
      0.216343,
      0.209195,
      0.199442,
      0.192348,
      0.183534,
      0.1768,
      0.170777
    ],
    "copy_by_step": [
      0.445371,
      0.361392,
      0.319158,
      0.288198,
      0.269052,
      0.254269,
      0.243081,
      0.233281,
      0.22432,
      0.215726,
      0.208577,
      0.198828,
      0.191741,
      0.182938,
      0.176215,
      0.170191
    ],
    "mean_cossim": 0.249481,
    "n_test": 256,
    "n_params": 5396288,
    "n_ddim_steps": 10
  },
  "g6": {
    "outcome": "fail",
    "mean_cossim": 0.249481,
    "best_of_k_mean_cossim": 0.0,
    "sample_diversity_l2": 0.0,
    "direct_baseline_mean": 0.527,
    "mlp_baseline_mean": 0.484
  },
  "smoke_gate": {
    "pass": false,
    "loss_decreased": true,
    "mean_cossim": 0.249481,
    "copy_stepN": 0.170191
  }
}