{
  "smoke": false,
  "mlp_hidden": 1024,
  "mode": "diffusion",
  "action_dropout": 0.0,
  "direct_baseline_mean": 0.527,
  "mlp_baseline_mean": 0.484,
  "conditioned_direct_mean": 0.527,
  "eval_subset": "high_action_variance_top_quartile_steer_std",
  "hv_threshold_steer_std": 0.075264,
  "n_hv_test": 905,
  "epoch_losses": [
    0.990609,
    0.923524,
    0.908348,
    0.898061,
    0.893696,
    0.885108,
    0.880362,
    0.859394,
    0.837563,
    0.822764,
    0.8147,
    0.807179,
    0.7999,
    0.796694,
    0.796723,
    0.791345,
    0.793212,
    0.785878,
    0.790284,
    0.784049,
    0.779796,
    0.777013,
    0.77779,
    0.779187,
    0.773069,
    0.771155,
    0.773712,
    0.7695,
    0.770876,
    0.769708,
    0.767852,
    0.765553,
    0.763875,
    0.762922,
    0.764599,
    0.762651,
    0.760349,
    0.761057,
    0.759317,
    0.759862,
    0.755788,
    0.757467,
    0.755279,
    0.756976,
    0.755711,
    0.756018,
    0.75057,
    0.751031,
    0.752907,
    0.750481,
    0.752755,
    0.752358,
    0.74939,
    0.748757,
    0.748528,
    0.745988,
    0.747179,
    0.743177,
    0.746645,
    0.743404,
    0.746053,
    0.744362,
    0.741927,
    0.741536,
    0.742158,
    0.742569,
    0.74109,
    0.741766,
    0.738345,
    0.738833,
    0.738388,
    0.737714,
    0.739483,
    0.737324,
    0.739228,
    0.738238,
    0.733941,
    0.733273,
    0.732704,
    0.73525,
    0.736164,
    0.73198,
    0.73215,
    0.73608,
    0.737714,
    0.730158,
    0.733877,
    0.734539,
    0.734277,
    0.728608,
    0.732091,
    0.7295,
    0.729552,
    0.726914,
    0.729557,
    0.729386,
    0.729045,
    0.731209,
    0.728801,
    0.726635
  ],
  "dit": {
    "cossim_by_step": [
      0.427257,
      0.361629,
      0.329013,
      0.307803,
      0.292137,
      0.280305,
      0.270797,
      0.262698,
      0.255365,
      0.249323,
      0.243697,
      0.238947,
      0.234938,
      0.231338,
      0.228118,
      0.22574
    ],
    "copy_by_step": [
      0.574172,
      0.51473,
      0.482714,
      0.460721,
      0.444528,
      0.432124,
      0.421811,
      0.412959,
      0.404641,
      0.397837,
      0.391492,
      0.385692,
      0.380991,
      0.376547,
      0.372211,
      0.368864
    ],
    "mean_cossim": 0.277444,
    "n_test": 3619,
    "n_params": 5396288,
    "n_ddim_steps": 50
  },
  "g6": {
    "outcome": "fail",
    "mean_cossim": 0.277444,
    "best_of_k_mean_cossim": 0.0,
    "sample_diversity_l2": 0.0,
    "direct_baseline_mean": 0.527,
    "mlp_baseline_mean": 0.484
  }
}