{
  "smoke": false,
  "mlp_hidden": 1024,
  "mode": "diffusion",
  "action_dropout": 0.3,
  "direct_baseline_mean": 0.527,
  "mlp_baseline_mean": 0.484,
  "conditioned_direct_mean": 0.527,
  "eval_subset": "high_action_variance_top_quartile_steer_std",
  "hv_threshold_steer_std": 0.075264,
  "n_hv_test": 905,
  "epoch_losses": [
    0.991652,
    0.925479,
    0.910145,
    0.900429,
    0.896187,
    0.887674,
    0.882668,
    0.862701,
    0.84696,
    0.832288,
    0.821135,
    0.81291,
    0.805094,
    0.801408,
    0.800741,
    0.795642,
    0.79719,
    0.789678,
    0.794091,
    0.788061,
    0.783405,
    0.780678,
    0.781651,
    0.783115,
    0.776973,
    0.77534,
    0.777595,
    0.773314,
    0.774561,
    0.773885,
    0.771819,
    0.769438,
    0.767854,
    0.766825,
    0.768469,
    0.766552,
    0.764007,
    0.764574,
    0.762646,
    0.76357,
    0.759279,
    0.760984,
    0.758603,
    0.760237,
    0.759053,
    0.759127,
    0.754112,
    0.754168,
    0.756024,
    0.753642,
    0.756115,
    0.755542,
    0.75237,
    0.752044,
    0.751534,
    0.749257,
    0.750409,
    0.746128,
    0.750284,
    0.746377,
    0.749114,
    0.747451,
    0.744974,
    0.744479,
    0.745743,
    0.745752,
    0.744696,
    0.745029,
    0.741717,
    0.742009,
    0.741768,
    0.741462,
    0.74307,
    0.740686,
    0.742844,
    0.742064,
    0.73781,
    0.736956,
    0.736443,
    0.739153,
    0.739968,
    0.736075,
    0.736113,
    0.739912,
    0.741711,
    0.734425,
    0.737807,
    0.73847,
    0.738653,
    0.732879,
    0.736352,
    0.733887,
    0.733752,
    0.73152,
    0.734146,
    0.733933,
    0.733582,
    0.735513,
    0.733299,
    0.73137
  ],
  "dit_distributional": {
    "n_samples": 16,
    "mean_cossim": 0.201389,
    "best_of_k_mean_cossim": 0.230315,
    "sample_diversity_l2": 186.356241,
    "n_test": 905,
    "uncond": true
  },
  "dit": {
    "mean_cossim": 0.201389,
    "n_params": 5396288,
    "n_ddim_steps": 50
  },
  "uncond_direct": {
    "cossim_by_step": [
      0.599638,
      0.54463,
      0.510228,
      0.486038,
      0.468742,
      0.456034,
      0.44765,
      0.441241,
      0.4372,
      0.43222,
      0.429001,
      0.426382,
      0.424311,
      0.421643,
      0.420019,
      0.419291
    ],
    "copy_by_step": [
      0.503819,
      0.439282,
      0.40151,
      0.373661,
      0.353576,
      0.337902,
      0.324976,
      0.313972,
      0.305193,
      0.297644,
      0.290852,
      0.284832,
      0.280508,
      0.277047,
      0.274644,
      0.273099
    ],
    "mean_cossim": 0.460267,
    "n_test": 905
  },
  "copy_baseline": {
    "cossim_by_step": [
      0.503819,
      0.439282,
      0.40151,
      0.373661,
      0.353576,
      0.337902,
      0.324976,
      0.313972,
      0.305193,
      0.297644,
      0.290852,
      0.284832,
      0.280508,
      0.277047,
      0.274644,
      0.273099
    ],
    "copy_by_step": [
      0.503819,
      0.439282,
      0.40151,
      0.373661,
      0.353576,
      0.337902,
      0.324976,
      0.313972,
      0.305193,
      0.297644,
      0.290852,
      0.284832,
      0.280508,
      0.277047,
      0.274644,
      0.273099
    ],
    "mean_cossim": 0.333282,
    "n_test": 905
  },
  "g7": {
    "outcome": "fail",
    "best_of_k_mean_cossim": 0.230315,
    "uncond_direct_mean": 0.460267,
    "best_minus_uncond_direct": -0.229952,
    "sample_diversity_l2": 186.356241,
    "conditioned_direct_mean": 0.527,
    "eval_subset": "high_action_variance_top_quartile_steer_std",
    "K": 16
  }
}