{
  "scene-0003": {
    "steer_rmse": 0.06247428505112829,
    "accel_rmse": 0.06499901718347491,
    "n": 40
  },
  "scene-0012": {
    "steer_rmse": 0.06881949162643573,
    "accel_rmse": 0.0628474077328044,
    "n": 40
  },
  "scene-0013": {
    "steer_rmse": 0.0428598987278808,
    "accel_rmse": 0.04168258268600606,
    "n": 40
  },
  "scene-0014": {
    "steer_rmse": 0.06485879218110013,
    "accel_rmse": 0.06307108457787136,
    "n": 40
  },
  "scene-0015": {
    "steer_rmse": 0.04033019110533341,
    "accel_rmse": 0.04168201965684227,
    "n": 40
  },
  "scene-0016": {
    "steer_rmse": 0.11234495475953075,
    "accel_rmse": 0.05451804623913005,
    "n": 40
  },
  "scene-0017": {
    "steer_rmse": 0.08735971696406016,
    "accel_rmse": 0.057934107208124426,
    "n": 40
  },
  "scene-0018": {
    "steer_rmse": 0.6233748561986238,
    "accel_rmse": 0.05301806521303259,
    "n": 40
  },
  "scene-0035": {
    "steer_rmse": 0.03408938936769895,
    "accel_rmse": 0.05342183712265945,
    "n": 40
  },
  "scene-0036": {
    "steer_rmse": 0.03663901395874797,
    "accel_rmse": 0.02247212464508528,
    "n": 40
  },
  "scene-0038": {
    "steer_rmse": 0.08362142462673323,
    "accel_rmse": 0.05160316162926606,
    "n": 40
  },
  "scene-0039": {
    "steer_rmse": 0.029100376445978543,
    "accel_rmse": 0.06998679173312702,
    "n": 40
  },
  "scene-0092": {
    "steer_rmse": 0.01827183910274568,
    "accel_rmse": 0.02569473777152803,
    "n": 40
  },
  "scene-0093": {
    "steer_rmse": 0.08895824238688713,
    "accel_rmse": 0.051950659725680505,
    "n": 39
  },
  "scene-0094": {
    "steer_rmse": 0.009901823640389733,
    "accel_rmse": 0.033094338340673636,
    "n": 40
  },
  "scene-0095": {
    "steer_rmse": 0.022930765101495387,
    "accel_rmse": 0.05225345575472085,
    "n": 39
  },
  "scene-0096": {
    "steer_rmse": 0.02619117842734906,
    "accel_rmse": 0.07095970772876731,
    "n": 39
  },
  "scene-0097": {
    "steer_rmse": 0.032429769343507005,
    "accel_rmse": 0.06105007900797136,
    "n": 39
  },
  "scene-0098": {
    "steer_rmse": 0.011837670631173117,
    "accel_rmse": 0.03553932418453511,
    "n": 39
  },
  "scene-0099": {
    "steer_rmse": 0.12575669414058124,
    "accel_rmse": 0.05337530500955417,
    "n": 39
  },
  "scene-0100": {
    "steer_rmse": 0.09728800078665599,
    "accel_rmse": 0.005656184419979333,
    "n": 40
  },
  "scene-0101": {
    "steer_rmse": 0.046093786137413224,
    "accel_rmse": 0.06437633749001978,
    "n": 40
  },
  "scene-0102": {
    "steer_rmse": 0.10130222247352497,
    "accel_rmse": 0.042683449786769585,
    "n": 40
  },
  "scene-0103": {
    "steer_rmse": 0.026171687618155692,
    "accel_rmse": 0.10373236966910741,
    "n": 40
  },
  "scene-0104": {
    "steer_rmse": 0.019387731175287828,
    "accel_rmse": 0.057021470392269916,
    "n": 39
  },
  "scene-0105": {
    "steer_rmse": 0.052317369931342214,
    "accel_rmse": 0.04139032637547178,
    "n": 39
  },
  "scene-0106": {
    "steer_rmse": 0.04123379549597613,
    "accel_rmse": 0.04358356853851024,
    "n": 40
  },
  "scene-0107": {
    "steer_rmse": 0.09719354624898692,
    "accel_rmse": 0.04080461492627327,
    "n": 40
  },
  "scene-0108": {
    "steer_rmse": 0.2144668138713195,
    "accel_rmse": 0.07763004215868859,
    "n": 39
  },
  "scene-0109": {
    "steer_rmse": 0.10271256240190552,
    "accel_rmse": 0.04343469196643565,
    "n": 40
  },
  "scene-0110": {
    "steer_rmse": 0.01468662732031429,
    "accel_rmse": 0.02008700831631308,
    "n": 40
  },
  "scene-0221": {
    "steer_rmse": 0.30740703790303253,
    "accel_rmse": 0.09463616755013612,
    "n": 39
  },
  "scene-0268": {
    "steer_rmse": 0.1311823506408834,
    "accel_rmse": 0.08775029442767317,
    "n": 39
  },
  "scene-0269": {
    "steer_rmse": 0.08184870969763716,
    "accel_rmse": 0.04092514081322525,
    "n": 40
  },
  "scene-0270": {
    "steer_rmse": 0.049664685996672356,
    "accel_rmse": 0.04309875219243631,
    "n": 40
  },
  "scene-0271": {
    "steer_rmse": 0.12790922717118658,
    "accel_rmse": 0.0907298898251038,
    "n": 39
  },
  "scene-0272": {
    "steer_rmse": 0.10736725650958537,
    "accel_rmse": 0.06459319716758621,
    "n": 39
  },
  "scene-0273": {
    "steer_rmse": 0.1045464862458269,
    "accel_rmse": 0.07361300894853741,
    "n": 39
  },
  "scene-0274": {
    "steer_rmse": 0.0210473244261703,
    "accel_rmse": 0.06760836754502147,
    "n": 40
  },
  "scene-0275": {
    "steer_rmse": 0.07629120754358071,
    "accel_rmse": 0.05175228065172759,
    "n": 40
  },
  "scene-0276": {
    "steer_rmse": 0.10410916102117172,
    "accel_rmse": 0.08350599531768878,
    "n": 40
  },
  "scene-0277": {
    "steer_rmse": 0.023987674563747112,
    "accel_rmse": 0.07087584075382303,
    "n": 40
  },
  "scene-0278": {
    "steer_rmse": 0.175219673919147,
    "accel_rmse": 0.1023415992011731,
    "n": 40
  },
  "scene-0329": {
    "steer_rmse": 0.32874766552197143,
    "accel_rmse": 0.054901837513624666,
    "n": 39
  },
  "scene-0330": {
    "steer_rmse": 0.12072238312229097,
    "accel_rmse": 0.06270914206923549,
    "n": 39
  },
  "scene-0331": {
    "steer_rmse": 0.6651789114536536,
    "accel_rmse": 0.0629826088143352,
    "n": 39
  },
  "scene-0332": {
    "steer_rmse": 0.07137976639429783,
    "accel_rmse": 0.0758368250865888,
    "n": 40
  },
  "scene-0344": {
    "steer_rmse": 0.012790513865164938,
    "accel_rmse": 0.011964791410575739,
    "n": 40
  },
  "scene-0345": {
    "steer_rmse": 0.1103531505059357,
    "accel_rmse": 0.07467379069312574,
    "n": 39
  },
  "scene-0346": {
    "steer_rmse": 0.11883308976061696,
    "accel_rmse": 0.08758640684121449,
    "n": 40
  },
  "scene-0519": {
    "steer_rmse": 0.02708986780776256,
    "accel_rmse": 0.04470854704556583,
    "n": 41
  },
  "scene-0520": {
    "steer_rmse": 0.013852190028244754,
    "accel_rmse": 0.04321547280161383,
    "n": 41
  },
  "scene-0521": {
    "steer_rmse": 0.016037591857642176,
    "accel_rmse": 0.056547219012172245,
    "n": 40
  },
  "scene-0522": {
    "steer_rmse": 0.02331451756388209,
    "accel_rmse": 0.0562439817362549,
    "n": 40
  },
  "scene-0523": {
    "steer_rmse": 0.09870732012014474,
    "accel_rmse": 0.042640262295110046,
    "n": 40
  },
  "scene-0524": {
    "steer_rmse": 0.029384875228635685,
    "accel_rmse": 0.028318684713432518,
    "n": 41
  },
  "scene-0552": {
    "steer_rmse": 0.17876313740239633,
    "accel_rmse": 0.07849645333069925,
    "n": 41
  },
  "scene-0553": {
    "steer_rmse": 0.025436015712561495,
    "accel_rmse": 0.036726316560609824,
    "n": 41
  },
  "scene-0554": {
    "steer_rmse": 0.026890644944737228,
    "accel_rmse": 0.024932779350918113,
    "n": 41
  },
  "scene-0555": {
    "steer_rmse": 0.03423401314408525,
    "accel_rmse": 0.11503112901582684,
    "n": 40
  },
  "scene-0556": {
    "steer_rmse": 0.3776886472839039,
    "accel_rmse": 0.0637653504836271,
    "n": 40
  },
  "scene-0557": {
    "steer_rmse": 0.08380696623017878,
    "accel_rmse": 0.058006507767297356,
    "n": 40
  },
  "scene-0558": {
    "steer_rmse": 0.22832303971602105,
    "accel_rmse": 0.054283077918090374,
    "n": 41
  },
  "scene-0559": {
    "steer_rmse": 0.05513889313855573,
    "accel_rmse": 0.04394129068062067,
    "n": 41
  },
  "scene-0560": {
    "steer_rmse": 0.06847304203810144,
    "accel_rmse": 0.058472061716910835,
    "n": 40
  },
  "scene-0561": {
    "steer_rmse": 0.1610328646284836,
    "accel_rmse": 0.03713658506326204,
    "n": 40
  },
  "scene-0562": {
    "steer_rmse": 0.024838542794174946,
    "accel_rmse": 0.045467059241037194,
    "n": 40
  },
  "scene-0563": {
    "steer_rmse": 0.1447707076734063,
    "accel_rmse": 0.05446957052095567,
    "n": 40
  },
  "scene-0564": {
    "steer_rmse": 0.10237596225140407,
    "accel_rmse": 0.055734442136188486,
    "n": 40
  },
  "scene-0565": {
    "steer_rmse": 0.0750514899404363,
    "accel_rmse": 0.04405993721862358,
    "n": 40
  },
  "scene-0625": {
    "steer_rmse": 0.03842498839109556,