{"train_loss": [0.09573903196576103, 0.014960329696936536, 0.013373350642391394, 0.01213260227960011, 0.011465093767665689, 0.011019198726406908, 0.010520946725865253, 0.00993843573394743, 0.009735297830084266, 0.009323065455314078, 0.008940054116358946, 0.008563606521414314, 0.008283976231680378, 0.008169032131369172, 0.0076226479339129806, 0.0073080912824889, 0.007281990009339469, 0.0070693189281233575, 0.006843449042626607, 0.006779353283913533, 0.006630149076147714, 0.0063041648418428525, 0.006242179226730209, 0.0059091222482575406, 0.0057911667625004755, 0.005715650795277909, 0.005522469413192921, 0.0054993587874049435, 0.005481227726488409, 0.005249245860436434, 0.005177417945888565, 0.005219939664735451, 0.005211920866864516, 0.004922563834410987, 0.004746155428329936, 0.004812008001409378, 0.0048890412584503065, 0.004907781322181488, 0.004816397198920825, 0.004537195410927615, 0.004511774201999574, 0.004690927520059602, 0.004364726853542362, 0.004371528435148063, 0.004326561036771122, 0.004186426996034142, 0.0043769458331230455, 0.004067293408775468, 0.00402606337540811, 0.004260558009146149], "val_loss": [0.01852201898605536, 0.016022939007329286, 0.013058012209620141, 0.012455719468121918, 0.01271535238967382, 0.011641173989474816, 0.01114023343934182, 0.010486181741185012, 0.01161723879590463, 0.010211605995976128, 0.010900840827643504, 0.010274156591428506, 0.01013885410015961, 0.01034919249235187, 0.011665615804859803, 0.010300883951885293, 0.010709823671920863, 0.010623499237843892, 0.010167721611269812, 0.01129293004045484, 0.010076829497799023, 0.010068969549543231, 0.010007244478483605, 0.010562095389663143, 0.011129995163763031, 0.010614095804355952, 0.010403677810023207, 0.010094633919862752, 0.010688677008454826, 0.010510592209676133, 0.011458483336737027, 0.01011864725995703, 0.011144418855095043, 0.010505097254157592, 0.010521159460732324, 0.013082969437809134, 0.010984790005785196, 0.01048789191683393, 0.011330144609703174, 0.010521657406899877, 0.010197351562369814, 0.010406392535317834, 0.010196428285645842, 0.010501746617345611, 0.009886400605468892, 0.009766508794219359, 0.010080781405213096, 0.008924235473700007, 0.009869368550540466, 0.009347225026139161]}