{
  "scene-0003": {
    "steer_rmse": 0.176708917641868,
    "accel_rmse": 0.061603427376057646,
    "n": 40
  },
  "scene-0012": {
    "steer_rmse": 0.05558732647552667,
    "accel_rmse": 0.05583448188367736,
    "n": 40
  },
  "scene-0013": {
    "steer_rmse": 0.04677555472632218,
    "accel_rmse": 0.03218473511899597,
    "n": 40
  },
  "scene-0014": {
    "steer_rmse": 0.08183501133341195,
    "accel_rmse": 0.05355039825421557,
    "n": 40
  },
  "scene-0015": {
    "steer_rmse": 0.03948297526594766,
    "accel_rmse": 0.0559049965182426,
    "n": 40
  },
  "scene-0016": {
    "steer_rmse": 0.2196036966502155,
    "accel_rmse": 0.051508905184174905,
    "n": 40
  },
  "scene-0017": {
    "steer_rmse": 0.11931759101374398,
    "accel_rmse": 0.07711476957949684,
    "n": 40
  },
  "scene-0018": {
    "steer_rmse": 0.5481732342388097,
    "accel_rmse": 0.05981303864624467,
    "n": 40
  },
  "scene-0035": {
    "steer_rmse": 0.044983175289808205,
    "accel_rmse": 0.05290668169633427,
    "n": 40
  },
  "scene-0036": {
    "steer_rmse": 0.06700506669432607,
    "accel_rmse": 0.02947701329914594,
    "n": 40
  },
  "scene-0038": {
    "steer_rmse": 0.12232544299201727,
    "accel_rmse": 0.04719323065397503,
    "n": 40
  },
  "scene-0039": {
    "steer_rmse": 0.0393854172570632,
    "accel_rmse": 0.07076093370908217,
    "n": 40
  },
  "scene-0092": {
    "steer_rmse": 0.03396334076217633,
    "accel_rmse": 0.019883622697958587,
    "n": 40
  },
  "scene-0093": {
    "steer_rmse": 0.12240846018598067,
    "accel_rmse": 0.039160149805764155,
    "n": 39
  },
  "scene-0094": {
    "steer_rmse": 0.012860591626538322,
    "accel_rmse": 0.05242983790308801,
    "n": 40
  },
  "scene-0095": {
    "steer_rmse": 0.01647703182424531,
    "accel_rmse": 0.03956931483888894,
    "n": 39
  },
  "scene-0096": {
    "steer_rmse": 0.03373211853284008,
    "accel_rmse": 0.07584404523214872,
    "n": 39
  },
  "scene-0097": {
    "steer_rmse": 0.024097273063174964,
    "accel_rmse": 0.07526518582670984,
    "n": 39
  },
  "scene-0098": {
    "steer_rmse": 0.018236961709174,
    "accel_rmse": 0.03501710136661016,
    "n": 39
  },
  "scene-0099": {
    "steer_rmse": 0.09923307841659373,
    "accel_rmse": 0.07048150456967107,
    "n": 39
  },
  "scene-0100": {
    "steer_rmse": 0.06921456471601331,
    "accel_rmse": 0.0036254388849253777,
    "n": 40
  },
  "scene-0101": {
    "steer_rmse": 0.06276878744335188,
    "accel_rmse": 0.05614966667637961,
    "n": 40
  },
  "scene-0102": {
    "steer_rmse": 0.250014551881978,
    "accel_rmse": 0.05630781225820786,
    "n": 40
  },
  "scene-0103": {
    "steer_rmse": 0.03374652919586328,
    "accel_rmse": 0.11182612959159154,
    "n": 40
  },
  "scene-0104": {
    "steer_rmse": 0.053891010338495644,
    "accel_rmse": 0.06456656670580253,
    "n": 39
  },
  "scene-0105": {
    "steer_rmse": 0.06256308642886538,
    "accel_rmse": 0.042014860063328885,
    "n": 39
  },
  "scene-0106": {
    "steer_rmse": 0.08407641894534108,
    "accel_rmse": 0.04977057932619232,
    "n": 40
  },
  "scene-0107": {
    "steer_rmse": 0.10667803342543941,
    "accel_rmse": 0.05055645085957035,
    "n": 40
  },
  "scene-0108": {
    "steer_rmse": 0.2342181524967384,
    "accel_rmse": 0.07145093071091015,
    "n": 39
  },
  "scene-0109": {
    "steer_rmse": 0.12432293589833993,
    "accel_rmse": 0.048729253087167135,
    "n": 40
  },
  "scene-0110": {
    "steer_rmse": 0.04089339311199916,
    "accel_rmse": 0.026359841282186238,
    "n": 40
  },
  "scene-0221": {
    "steer_rmse": 0.3067439382790425,
    "accel_rmse": 0.07564663301544489,
    "n": 39
  },
  "scene-0268": {
    "steer_rmse": 0.058331565580207856,
    "accel_rmse": 0.07422791751761768,
    "n": 39
  },
  "scene-0269": {
    "steer_rmse": 0.12475984903861156,
    "accel_rmse": 0.0528051873750411,
    "n": 40
  },
  "scene-0270": {
    "steer_rmse": 0.08757912974630809,
    "accel_rmse": 0.046837292531681396,
    "n": 40
  },
  "scene-0271": {
    "steer_rmse": 0.1393146615165508,
    "accel_rmse": 0.08975466306784996,
    "n": 39
  },
  "scene-0272": {
    "steer_rmse": 0.12767257674793825,
    "accel_rmse": 0.06701494883624473,
    "n": 39
  },
  "scene-0273": {
    "steer_rmse": 0.0873840448173849,
    "accel_rmse": 0.08264619236857956,
    "n": 39
  },
  "scene-0274": {
    "steer_rmse": 0.04261038385562337,
    "accel_rmse": 0.065032798010854,
    "n": 40
  },
  "scene-0275": {
    "steer_rmse": 0.07822306557663318,
    "accel_rmse": 0.050446604455531764,
    "n": 40
  },
  "scene-0276": {
    "steer_rmse": 0.11320178162634528,
    "accel_rmse": 0.09168187855578289,
    "n": 40
  },
  "scene-0277": {
    "steer_rmse": 0.07054278219928416,
    "accel_rmse": 0.06691235147092862,
    "n": 40
  },
  "scene-0278": {
    "steer_rmse": 0.17588497486686525,
    "accel_rmse": 0.1110151345312327,
    "n": 40
  },
  "scene-0329": {
    "steer_rmse": 0.3583777045677272,
    "accel_rmse": 0.061062077645601,
    "n": 39
  },
  "scene-0330": {
    "steer_rmse": 0.10444620375876923,
    "accel_rmse": 0.06843445142404908,
    "n": 39
  },
  "scene-0331": {
    "steer_rmse": 0.4893453561288061,
    "accel_rmse": 0.06999334006907995,
    "n": 39
  },
  "scene-0332": {
    "steer_rmse": 0.09020063585328048,
    "accel_rmse": 0.07149128506532275,
    "n": 40
  },
  "scene-0344": {
    "steer_rmse": 0.018949729594654786,
    "accel_rmse": 0.018104983843511054,
    "n": 40
  },
  "scene-0345": {
    "steer_rmse": 0.1638702450312372,
    "accel_rmse": 0.07944748366846574,
    "n": 39
  },
  "scene-0346": {
    "steer_rmse": 0.14544897386962946,
    "accel_rmse": 0.08194044439645147,
    "n": 40
  },
  "scene-0519": {
    "steer_rmse": 0.02381451385268469,
    "accel_rmse": 0.05336816092222602,
    "n": 41
  },
  "scene-0520": {
    "steer_rmse": 0.0314443368286267,
    "accel_rmse": 0.06305147930993713,
    "n": 41
  },
  "scene-0521": {
    "steer_rmse": 0.0258847287415548,
    "accel_rmse": 0.06054102024487575,
    "n": 40
  },
  "scene-0522": {
    "steer_rmse": 0.04047871425125523,
    "accel_rmse": 0.05511026695901526,
    "n": 40
  },
  "scene-0523": {
    "steer_rmse": 0.10523084766860744,
    "accel_rmse": 0.04688337692987145,
    "n": 40
  },
  "scene-0524": {
    "steer_rmse": 0.03579607692070356,
    "accel_rmse": 0.021545062704427787,
    "n": 41
  },
  "scene-0552": {
    "steer_rmse": 0.20341638999326464,
    "accel_rmse": 0.08607222579239672,
    "n": 41
  },
  "scene-0553": {
    "steer_rmse": 0.06966853140494134,
    "accel_rmse": 0.011329128039098458,
    "n": 41
  },
  "scene-0554": {
    "steer_rmse": 0.06549071428859356,
    "accel_rmse": 0.010799239641603927,
    "n": 41
  },
  "scene-0555": {
    "steer_rmse": 0.04487611185712798,
    "accel_rmse": 0.12681714708428646,
    "n": 40
  },
  "scene-0556": {
    "steer_rmse": 0.4234262935854029,
    "accel_rmse": 0.06921677405372434,
    "n": 40
  },
  "scene-0557": {
    "steer_rmse": 0.450272661934089,
    "accel_rmse": 0.07884226485673645,
    "n": 40
  },
  "scene-0558": {
    "steer_rmse": 0.47351047183356504,
    "accel_rmse": 0.06390777695636425,
    "n": 41
  },
  "scene-0559": {
    "steer_rmse": 0.04748129457984588,
    "accel_rmse": 0.06111735283222487,
    "n": 41
  },
  "scene-0560": {
    "steer_rmse": 0.03257438644319027,
    "accel_rmse": 0.06643721452521276,
    "n": 40
  },
  "scene-0561": {
    "steer_rmse": 0.13137231419074213,
    "accel_rmse": 0.050574987020982454,
    "n": 40
  },
  "scene-0562": {
    "steer_rmse": 0.08042282558612696,
    "accel_rmse": 0.044470946438631205,
    "n": 40
  },
  "scene-0563": {
    "steer_rmse": 0.15531828996629649,
    "accel_rmse": 0.054077285530531975,
    "n": 40
  },
  "scene-0564": {
    "steer_rmse": 0.38367734368310163,
    "accel_rmse": 0.05263219762223162,
    "n": 40
  },
  "scene-0565": {
    "steer_rmse": 0.2673663612721188,
    "accel_rmse": 0.04402749572621612,
    "n": 40
  },
  "scene-0625": {
    "steer_rmse": 0.09358444487152424,