{"train_loss": [0.017812201338216836, 0.01648116307956982, 0.016166583943411236, 0.0159608298397858, 0.01548921743215828, 0.014919579555301054, 0.014545908343454848, 0.013831497949682178, 0.013586327769953086, 0.013168795842929891, 0.01280468457355659, 0.01252541553903023, 0.012511661844354196, 0.01215975734136619, 0.012030183382196344, 0.01200928034584385, 0.011646351186320264, 0.011674220047030424, 0.011489957194839598, 0.011372260999784764, 0.01138716882114914, 0.011072548689986394, 0.011069459377422278, 0.010955266346292016, 0.01105576141229713, 0.010862824281380985, 0.010845694114068188, 0.01079431260837712, 0.01074423661281426, 0.010611745311231963, 0.010619739829676544, 0.010343993153845958, 0.010264601588332888, 0.010332722085943864, 0.010217648726950388, 0.010241297006418773, 0.010080993274055688, 0.010118762206777817, 0.010070432102433946, 0.00995877981395115, 0.009969301027799832, 0.0099359420958624, 0.009758865870490544, 0.009680413793379458, 0.00957310874040496, 0.009937752237580075, 0.009668956182723752, 0.009569827528992452, 0.009417713859940013, 0.009497108776981554], "val_loss": [0.019807894500040443, 0.019071887089524533, 0.018261497966584522, 0.016604158395484143, 0.01735572065613145, 0.014811667654562427, 0.0151262848676997, 0.013873154150151773, 0.01387940102306567, 0.014235610083404598, 0.013644923101579309, 0.014223354646851621, 0.01326908220981022, 0.014013991531643328, 0.013133520078383776, 0.013953927763130572, 0.01286734752720161, 0.013770713733761066, 0.015001146586596124, 0.013314623695333452, 0.012924413063555892, 0.012892883900149404, 0.01329526095266468, 0.013633411731968104, 0.01328105202640249, 0.012596946249115257, 0.012755498309203616, 0.013412154046013591, 0.012821150253284643, 0.014518587183385452, 0.01250683609825565, 0.013945212380599575, 0.013550505740523319, 0.01268675616481515, 0.011998904315059589, 0.013213102390788942, 0.011918178645112522, 0.013115541411698283, 0.011912151361594518, 0.013691316051852306, 0.013132783922138172, 0.012872886764639834, 0.011803721910223788, 0.011894711337243345, 0.011887801312118742, 0.011813822212715605, 0.012799802471459974, 0.011943922266492902, 0.01247719394519304, 0.012106624134988683]}