{
  "scene-0003": {
    "steer_rmse": 0.04587768017955834,
    "accel_rmse": 0.05541424616076626,
    "n": 40
  },
  "scene-0012": {
    "steer_rmse": 0.029164745209156854,
    "accel_rmse": 0.05386668250429834,
    "n": 40
  },
  "scene-0013": {
    "steer_rmse": 0.0233131566542542,
    "accel_rmse": 0.05614683310665764,
    "n": 40
  },
  "scene-0014": {
    "steer_rmse": 0.03018550385479444,
    "accel_rmse": 0.06468398064939206,
    "n": 40
  },
  "scene-0015": {
    "steer_rmse": 0.026032357050787894,
    "accel_rmse": 0.036095685433823896,
    "n": 40
  },
  "scene-0016": {
    "steer_rmse": 0.06418090298088557,
    "accel_rmse": 0.05993136645030625,
    "n": 40
  },
  "scene-0017": {
    "steer_rmse": 0.04365506256572122,
    "accel_rmse": 0.03778692654158596,
    "n": 40
  },
  "scene-0018": {
    "steer_rmse": 0.2444237012741545,
    "accel_rmse": 0.06963303820555296,
    "n": 40
  },
  "scene-0035": {
    "steer_rmse": 0.032650393534250505,
    "accel_rmse": 0.05730826943673755,
    "n": 40
  },
  "scene-0036": {
    "steer_rmse": 0.017930712275235513,
    "accel_rmse": 0.0343955505254482,
    "n": 40
  },
  "scene-0038": {
    "steer_rmse": 0.05156236753740453,
    "accel_rmse": 0.04154967133525443,
    "n": 40
  },
  "scene-0039": {
    "steer_rmse": 0.02212109205035337,
    "accel_rmse": 0.07468149073401455,
    "n": 40
  },
  "scene-0092": {
    "steer_rmse": 0.007096182053636677,
    "accel_rmse": 0.03249683168599848,
    "n": 40
  },
  "scene-0093": {
    "steer_rmse": 0.06023397130447733,
    "accel_rmse": 0.05531104309800167,
    "n": 39
  },
  "scene-0094": {
    "steer_rmse": 0.0079032984279713,
    "accel_rmse": 0.022664693171581013,
    "n": 40
  },
  "scene-0095": {
    "steer_rmse": 0.05760482998801244,
    "accel_rmse": 0.02170870775920971,
    "n": 39
  },
  "scene-0096": {
    "steer_rmse": 0.012762661512024948,
    "accel_rmse": 0.059924703435004785,
    "n": 39
  },
  "scene-0097": {
    "steer_rmse": 0.02664600776664007,
    "accel_rmse": 0.03595367656252957,
    "n": 39
  },
  "scene-0098": {
    "steer_rmse": 0.0053167619786859185,
    "accel_rmse": 0.03305523822434892,
    "n": 39
  },
  "scene-0099": {
    "steer_rmse": 0.07005165111370783,
    "accel_rmse": 0.05605750697157325,
    "n": 39
  },
  "scene-0100": {
    "steer_rmse": 0.012149996735486064,
    "accel_rmse": 0.007744547308292889,
    "n": 40
  },
  "scene-0101": {
    "steer_rmse": 0.025597038359914347,
    "accel_rmse": 0.06526285189863107,
    "n": 40
  },
  "scene-0102": {
    "steer_rmse": 0.04851431981541775,
    "accel_rmse": 0.047845292058377,
    "n": 40
  },
  "scene-0103": {
    "steer_rmse": 0.03345834596757446,
    "accel_rmse": 0.0887935711520223,
    "n": 40
  },
  "scene-0104": {
    "steer_rmse": 0.010111812114805276,
    "accel_rmse": 0.04760721397738549,
    "n": 39
  },
  "scene-0105": {
    "steer_rmse": 0.015154491882359577,
    "accel_rmse": 0.04437500401146454,
    "n": 39
  },
  "scene-0106": {
    "steer_rmse": 0.03454890195993243,
    "accel_rmse": 0.04040097827271297,
    "n": 40
  },
  "scene-0107": {
    "steer_rmse": 0.02098112611054696,
    "accel_rmse": 0.0490017583771618,
    "n": 40
  },
  "scene-0108": {
    "steer_rmse": 0.18696174700080262,
    "accel_rmse": 0.0690429425166304,
    "n": 39
  },
  "scene-0109": {
    "steer_rmse": 0.056498568470511955,
    "accel_rmse": 0.048132572088794214,
    "n": 40
  },
  "scene-0110": {
    "steer_rmse": 0.007896590776192126,
    "accel_rmse": 0.028366961532674442,
    "n": 40
  },
  "scene-0221": {
    "steer_rmse": 0.09990202325598536,
    "accel_rmse": 0.056161698829049755,
    "n": 39
  },
  "scene-0268": {
    "steer_rmse": 0.05501479093036777,
    "accel_rmse": 0.03332835574285446,
    "n": 39
  },
  "scene-0269": {
    "steer_rmse": 0.059991664537048225,
    "accel_rmse": 0.043090613268886246,
    "n": 40
  },
  "scene-0270": {
    "steer_rmse": 0.05014437307342327,
    "accel_rmse": 0.03845712669405301,
    "n": 40
  },
  "scene-0271": {
    "steer_rmse": 0.04142565162516447,
    "accel_rmse": 0.10023651721722057,
    "n": 39
  },
  "scene-0272": {
    "steer_rmse": 0.05089451707506556,
    "accel_rmse": 0.05034095352087708,
    "n": 39
  },
  "scene-0273": {
    "steer_rmse": 0.036769453136187666,
    "accel_rmse": 0.06585968292595576,
    "n": 39
  },
  "scene-0274": {
    "steer_rmse": 0.01709801069466575,
    "accel_rmse": 0.06416175339220677,
    "n": 40
  },
  "scene-0275": {
    "steer_rmse": 0.06762298617431593,
    "accel_rmse": 0.04944972493997789,
    "n": 40
  },
  "scene-0276": {
    "steer_rmse": 0.09414238589054727,
    "accel_rmse": 0.08912863790181412,
    "n": 40
  },
  "scene-0277": {
    "steer_rmse": 0.019889047422310378,
    "accel_rmse": 0.06351333420355701,
    "n": 40
  },
  "scene-0278": {
    "steer_rmse": 0.039039002283682483,
    "accel_rmse": 0.10303591211355098,
    "n": 40
  },
  "scene-0329": {
    "steer_rmse": 0.15562712534490997,
    "accel_rmse": 0.04479267365329593,
    "n": 39
  },
  "scene-0330": {
    "steer_rmse": 0.10576465114474562,
    "accel_rmse": 0.05229825686167598,
    "n": 39
  },
  "scene-0331": {
    "steer_rmse": 0.49848704098205143,
    "accel_rmse": 0.0816442875621124,
    "n": 39
  },
  "scene-0332": {
    "steer_rmse": 0.06355544477233502,
    "accel_rmse": 0.05140881183648371,
    "n": 40
  },
  "scene-0344": {
    "steer_rmse": 0.019970939878575174,
    "accel_rmse": 0.012067591804573743,
    "n": 40
  },
  "scene-0345": {
    "steer_rmse": 0.060843510975180794,
    "accel_rmse": 0.05948704704158694,
    "n": 39
  },
  "scene-0346": {
    "steer_rmse": 0.047553340823592305,
    "accel_rmse": 0.12932088520073587,
    "n": 40
  },
  "scene-0519": {
    "steer_rmse": 0.015251876424772375,
    "accel_rmse": 0.058893517949905425,
    "n": 41
  },
  "scene-0520": {
    "steer_rmse": 0.008931491524846506,
    "accel_rmse": 0.05509041739654706,
    "n": 41
  },
  "scene-0521": {
    "steer_rmse": 0.014665745701829703,
    "accel_rmse": 0.04708529385513947,
    "n": 40
  },
  "scene-0522": {
    "steer_rmse": 0.010234654360202721,
    "accel_rmse": 0.053799746520088634,
    "n": 40
  },
  "scene-0523": {
    "steer_rmse": 0.06732645193386666,
    "accel_rmse": 0.057549818713373856,
    "n": 40
  },
  "scene-0524": {
    "steer_rmse": 0.012296261208528718,
    "accel_rmse": 0.040008962633471756,
    "n": 41
  },
  "scene-0552": {
    "steer_rmse": 0.17511145593487895,
    "accel_rmse": 0.07177350522601676,
    "n": 41
  },
  "scene-0553": {
    "steer_rmse": 0.02735100527545231,
    "accel_rmse": 0.01576046351991654,
    "n": 41
  },
  "scene-0554": {
    "steer_rmse": 0.014913531987974404,
    "accel_rmse": 0.008614938604612961,
    "n": 41
  },
  "scene-0555": {
    "steer_rmse": 0.025435757979156055,
    "accel_rmse": 0.09749966566091617,
    "n": 40
  },
  "scene-0556": {
    "steer_rmse": 0.13098649387603953,
    "accel_rmse": 0.05726088276839252,
    "n": 40
  },
  "scene-0557": {
    "steer_rmse": 0.08402380595009153,
    "accel_rmse": 0.04250336418102471,
    "n": 40
  },
  "scene-0558": {
    "steer_rmse": 0.12003560112076958,
    "accel_rmse": 0.045098675017155844,
    "n": 41
  },
  "scene-0559": {
    "steer_rmse": 0.01665848445899511,
    "accel_rmse": 0.07382035775240581,
    "n": 41
  },
  "scene-0560": {
    "steer_rmse": 0.10550800933374116,
    "accel_rmse": 0.05808114455988275,
    "n": 40
  },
  "scene-0561": {
    "steer_rmse": 0.08317570836604554,
    "accel_rmse": 0.034541704174744815,
    "n": 40
  },
  "scene-0562": {
    "steer_rmse": 0.017279909748290155,
    "accel_rmse": 0.04784652785134277,
    "n": 40
  },
  "scene-0563": {
    "steer_rmse": 0.09168839222116677,
    "accel_rmse": 0.050660321119535806,
    "n": 40
  },
  "scene-0564": {
    "steer_rmse": 0.08816909660431582,
    "accel_rmse": 0.06785951063371982,
    "n": 40
  },
  "scene-0565": {
    "steer_rmse": 0.03760243320669036,
    "accel_rmse": 0.0426542752952034,
    "n": 40
  },