{"train_loss": [0.08811541762639313, 0.010887648834336237, 0.007945272316382895, 0.007067737138781187, 0.006498260962721924, 0.005878229361293464, 0.005420178660246511, 0.005163072093232653, 0.004843197024819235, 0.0047654118193511475, 0.004442981482105015, 0.004331245523572231, 0.004260717486126615, 0.003980436000126465, 0.00379465894741475, 0.0037496878767017735, 0.0036845641918039577, 0.0035853649303728002, 0.0035116836530067895, 0.003360440118019415, 0.003287072210993679, 0.0032720209027252375, 0.00319394286416734, 0.0030055861152981987, 0.002964175735479628, 0.002914472274699671, 0.0029612212752489274, 0.0028493897215718374, 0.0030261075614275005, 0.00277231829976861, 0.0027351159204172647, 0.002624091257128642, 0.0026243215967552505, 0.0026224648008198502, 0.002482932396828934, 0.002545058719587437, 0.0025692172574885773, 0.002556909624796482, 0.0024076894874547413, 0.0023290743188565687, 0.0023461353444713595, 0.00269433783286584, 0.0023591761962378772, 0.0022936945411646003, 0.0023355667992068004, 0.0023362550008451774, 0.0022870159100156877, 0.0021754128517373064, 0.0022180857036914266, 0.0021509118961126235], "val_loss": [0.015678082849140573, 0.01038395926831995, 0.008396682217175122, 0.00759386144134084, 0.007975788926097477, 0.0066760636907148875, 0.006641295853189342, 0.005923760770387158, 0.006192179916614736, 0.006314006434410776, 0.005775616321802358, 0.006671290647582327, 0.005975475740100032, 0.005342394376112434, 0.005845870103558602, 0.005548291398170989, 0.005262029604620293, 0.005167767053401678, 0.005095947539838853, 0.005083736130639287, 0.005830391901176705, 0.004635841941650237, 0.004730476146614693, 0.00457229953246886, 0.005281353750623208, 0.0047045598894517255, 0.004341744690376062, 0.004729688162160475, 0.004771153135937175, 0.004382115466345948, 0.004488537074798376, 0.005062438692962676, 0.004417412286462234, 0.004971729300294002, 0.0043142345733314475, 0.004864769271112295, 0.00458090739961373, 0.005192618252098763, 0.00511890223665364, 0.0042587703526273364, 0.004829036256291625, 0.004098133758802427, 0.005159972118071731, 0.0045593388435329575, 0.004775706968347882, 0.005356554946813144, 0.004596293871641614, 0.005062595603732114, 0.004701240353464802, 0.004870502697268113]}