{
  "scene-0003": {
    "steer_rmse": 0.06047772740489377,
    "accel_rmse": 0.09286297522808797,
    "n": 40
  },
  "scene-0012": {
    "steer_rmse": 0.059785732114054566,
    "accel_rmse": 0.039664147068296046,
    "n": 40
  },
  "scene-0013": {
    "steer_rmse": 0.042347153549510214,
    "accel_rmse": 0.06159786007724047,
    "n": 40
  },
  "scene-0014": {
    "steer_rmse": 0.07032030129450145,
    "accel_rmse": 0.07637213003277668,
    "n": 40
  },
  "scene-0015": {
    "steer_rmse": 0.06410412629840995,
    "accel_rmse": 0.050732251380922855,
    "n": 40
  },
  "scene-0016": {
    "steer_rmse": 0.10297027290319485,
    "accel_rmse": 0.05136594673761924,
    "n": 40
  },
  "scene-0017": {
    "steer_rmse": 0.09578047213587088,
    "accel_rmse": 0.0584948869755457,
    "n": 40
  },
  "scene-0018": {
    "steer_rmse": 0.6024529665514251,
    "accel_rmse": 0.06477775692322821,
    "n": 40
  },
  "scene-0035": {
    "steer_rmse": 0.05320826680749597,
    "accel_rmse": 0.047559373976229426,
    "n": 40
  },
  "scene-0036": {
    "steer_rmse": 0.18008751802646886,
    "accel_rmse": 0.05095253915402495,
    "n": 40
  },
  "scene-0038": {
    "steer_rmse": 0.13956249205280152,
    "accel_rmse": 0.06414737965300774,
    "n": 40
  },
  "scene-0039": {
    "steer_rmse": 0.0675138112376118,
    "accel_rmse": 0.0711892594254927,
    "n": 40
  },
  "scene-0092": {
    "steer_rmse": 0.019339257396725637,
    "accel_rmse": 0.027998962280999514,
    "n": 40
  },
  "scene-0093": {
    "steer_rmse": 0.1301873220458778,
    "accel_rmse": 0.05838580201083575,
    "n": 39
  },
  "scene-0094": {
    "steer_rmse": 0.01691616121193396,
    "accel_rmse": 0.039384267172584045,
    "n": 40
  },
  "scene-0095": {
    "steer_rmse": 0.009590509530800373,
    "accel_rmse": 0.06721750306403612,
    "n": 39
  },
  "scene-0096": {
    "steer_rmse": 0.021937301344744208,
    "accel_rmse": 0.08875377711584065,
    "n": 39
  },
  "scene-0097": {
    "steer_rmse": 0.01570397133078843,
    "accel_rmse": 0.05635138218562228,
    "n": 39
  },
  "scene-0098": {
    "steer_rmse": 0.01578274596467709,
    "accel_rmse": 0.041669724414925426,
    "n": 39
  },
  "scene-0099": {
    "steer_rmse": 0.11041552630236974,
    "accel_rmse": 0.0570534129698749,
    "n": 39
  },
  "scene-0100": {
    "steer_rmse": 0.02757501970253076,
    "accel_rmse": 0.10241276575445434,
    "n": 40
  },
  "scene-0101": {
    "steer_rmse": 0.036290484374030894,
    "accel_rmse": 0.06352201346146345,
    "n": 40
  },
  "scene-0102": {
    "steer_rmse": 0.06145388368725749,
    "accel_rmse": 0.058222562348045556,
    "n": 40
  },
  "scene-0103": {
    "steer_rmse": 0.034351583823072615,
    "accel_rmse": 0.11219432216822582,
    "n": 40
  },
  "scene-0104": {
    "steer_rmse": 0.04726984961723928,
    "accel_rmse": 0.07564691758960079,
    "n": 39
  },
  "scene-0105": {
    "steer_rmse": 0.0680341243659921,
    "accel_rmse": 0.05008148065156118,
    "n": 39
  },
  "scene-0106": {
    "steer_rmse": 0.060261441537774615,
    "accel_rmse": 0.053044667816434396,
    "n": 40
  },
  "scene-0107": {
    "steer_rmse": 0.0920101684228803,
    "accel_rmse": 0.06336444563781533,
    "n": 40
  },
  "scene-0108": {
    "steer_rmse": 0.22075384424474226,
    "accel_rmse": 0.07569291291339764,
    "n": 39
  },
  "scene-0109": {
    "steer_rmse": 0.13460737479327506,
    "accel_rmse": 0.05344192801412167,
    "n": 40
  },
  "scene-0110": {
    "steer_rmse": 0.020948500633905364,
    "accel_rmse": 0.053837288178699996,
    "n": 40
  },
  "scene-0221": {
    "steer_rmse": 0.3023299022555808,
    "accel_rmse": 0.08691035287876822,
    "n": 39
  },
  "scene-0268": {
    "steer_rmse": 0.06749744472121691,
    "accel_rmse": 0.0652205720254638,
    "n": 39
  },
  "scene-0269": {
    "steer_rmse": 0.1223067727806938,
    "accel_rmse": 0.06332174281135793,
    "n": 40
  },
  "scene-0270": {
    "steer_rmse": 0.09711678006705124,
    "accel_rmse": 0.053393045092119694,
    "n": 40
  },
  "scene-0271": {
    "steer_rmse": 0.13305085657833615,
    "accel_rmse": 0.08808059980927362,
    "n": 39
  },
  "scene-0272": {
    "steer_rmse": 0.10222536746562784,
    "accel_rmse": 0.08026496866086202,
    "n": 39
  },
  "scene-0273": {
    "steer_rmse": 0.1045557685630782,
    "accel_rmse": 0.07335530645281127,
    "n": 39
  },
  "scene-0274": {
    "steer_rmse": 0.03742659955933077,
    "accel_rmse": 0.06116588563087016,
    "n": 40
  },
  "scene-0275": {
    "steer_rmse": 0.10081060469798873,
    "accel_rmse": 0.04414430568192953,
    "n": 40
  },
  "scene-0276": {
    "steer_rmse": 0.12601042268122964,
    "accel_rmse": 0.08781653889780844,
    "n": 40
  },
  "scene-0277": {
    "steer_rmse": 0.08366196356768467,
    "accel_rmse": 0.07476977140625941,
    "n": 40
  },
  "scene-0278": {
    "steer_rmse": 0.15772967899724075,
    "accel_rmse": 0.10268151974423784,
    "n": 40
  },
  "scene-0329": {
    "steer_rmse": 0.3163617952768977,
    "accel_rmse": 0.09342268015047972,
    "n": 39
  },
  "scene-0330": {
    "steer_rmse": 0.08401393989575771,
    "accel_rmse": 0.08272859738647889,
    "n": 39
  },
  "scene-0331": {
    "steer_rmse": 0.4427567638990755,
    "accel_rmse": 0.07699896073917165,
    "n": 39
  },
  "scene-0332": {
    "steer_rmse": 0.07298331258651772,
    "accel_rmse": 0.05428486315204907,
    "n": 40
  },
  "scene-0344": {
    "steer_rmse": 0.06695815959818774,
    "accel_rmse": 0.024561000885976292,
    "n": 40
  },
  "scene-0345": {
    "steer_rmse": 0.1105894592575657,
    "accel_rmse": 0.07762716350546991,
    "n": 39
  },
  "scene-0346": {
    "steer_rmse": 0.10828400127212255,
    "accel_rmse": 0.10568231941128702,
    "n": 40
  },
  "scene-0519": {
    "steer_rmse": 0.02207496541421209,
    "accel_rmse": 0.07689215537128691,
    "n": 41
  },
  "scene-0520": {
    "steer_rmse": 0.036548305390970454,
    "accel_rmse": 0.09460179887138168,
    "n": 41
  },
  "scene-0521": {
    "steer_rmse": 0.035949642774678506,
    "accel_rmse": 0.061962857070022005,
    "n": 40
  },
  "scene-0522": {
    "steer_rmse": 0.048205160628286906,
    "accel_rmse": 0.05970381525222511,
    "n": 40
  },
  "scene-0523": {
    "steer_rmse": 0.10242346359432586,
    "accel_rmse": 0.05642448150411223,
    "n": 40
  },
  "scene-0524": {
    "steer_rmse": 0.0348688267041694,
    "accel_rmse": 0.04106441112221426,
    "n": 41
  },
  "scene-0552": {
    "steer_rmse": 0.23775132364262988,
    "accel_rmse": 0.08238903246686148,
    "n": 41
  },
  "scene-0553": {
    "steer_rmse": 0.07199223794595606,
    "accel_rmse": 0.035642061889132104,
    "n": 41
  },
  "scene-0554": {
    "steer_rmse": 0.026361871934026573,
    "accel_rmse": 0.037880185269927785,
    "n": 41
  },
  "scene-0555": {
    "steer_rmse": 0.038873260904195385,
    "accel_rmse": 0.12659953924570627,
    "n": 40
  },
  "scene-0556": {
    "steer_rmse": 0.3110179887212384,
    "accel_rmse": 0.09159220085055991,
    "n": 40
  },
  "scene-0557": {
    "steer_rmse": 0.271003029548685,
    "accel_rmse": 0.07425636910652209,
    "n": 40
  },
  "scene-0558": {
    "steer_rmse": 0.367499169541747,
    "accel_rmse": 0.06336548196626346,
    "n": 41
  },
  "scene-0559": {
    "steer_rmse": 0.10622355860341973,
    "accel_rmse": 0.08149340977644944,
    "n": 41
  },
  "scene-0560": {
    "steer_rmse": 0.06200526989610574,
    "accel_rmse": 0.07230551441093394,
    "n": 40
  },
  "scene-0561": {
    "steer_rmse": 0.12581835214805667,
    "accel_rmse": 0.053904338831016696,
    "n": 40
  },
  "scene-0562": {
    "steer_rmse": 0.07968208027301496,
    "accel_rmse": 0.06689092530021369,
    "n": 40
  },
  "scene-0563": {
    "steer_rmse": 0.11527826843303138,
    "accel_rmse": 0.08473721649324899,
    "n": 40
  },
  "scene-0564": {
    "steer_rmse": 0.10839726477352891,
    "accel_rmse": 0.11291329247507842,
    "n": 40
  },
  "scene-0565": {
    "steer_rmse": 0.11453959621561731,
    "accel_rmse": 0.04980430951867374,
    "n": 40
  },
  "scene-0625": {
    "steer_rmse": 0.08187466410424867,