{"train_loss": [0.019400043899886015, 0.014747377644777538, 0.013199747397724615, 0.012020476620361908, 0.011243588485741205, 0.010354665768057455, 0.009646433485074905, 0.008988979355888976, 0.008421562755248045, 0.007932600827579081, 0.007608651904582774, 0.007339675150284184, 0.006910748233980578, 0.006737003728039069, 0.0064735095004703905, 0.006316132789251319, 0.00605365974679918, 0.00581669516882359, 0.005848702687711851, 0.005531677387085453, 0.005260524343933822, 0.005189025919619952, 0.005054006945996329, 0.004951296232953052, 0.004883363683410273, 0.004641551008867156, 0.0044615928681378285, 0.00448432737207537, 0.004381112113589032, 0.0042231792636735705, 0.004115276492652444, 0.003878921920092193, 0.003851498318690399, 0.003794768990667121, 0.003815183635278819, 0.003625011754682085, 0.003628310015349624, 0.003537472261685984, 0.0033259031827932517, 0.003325327577045493, 0.003181386006901895, 0.0031564385690149165, 0.003181969152514685, 0.003190129514611029, 0.002998521874912421, 0.0030065072212492275, 0.0028004299959849986, 0.002873640415392072, 0.002860553125633062, 0.002708693311467163], "val_loss": [0.018005490061800886, 0.015023333948521324, 0.014998737232376045, 0.014257201856001139, 0.013588030418676986, 0.013930178025339902, 0.013789502311053553, 0.013428256501430445, 0.012829082305603949, 0.015365476895082933, 0.014049823146171744, 0.013989736794920217, 0.013633253205516793, 0.013600360307993838, 0.014814470213987477, 0.013469872642761076, 0.01397696837588402, 0.013842890411275474, 0.014447152637313054, 0.013487821630024413, 0.014184936054440553, 0.013413808179424974, 0.013640858156139999, 0.015368110168606466, 0.013397234511458649, 0.01362782863453188, 0.013119250043737908, 0.01284616608887337, 0.015283472925419924, 0.013264878805184002, 0.01469990879350388, 0.013626754908155918, 0.014339661134440556, 0.013278812981358058, 0.013642041995578284, 0.01333814306263184, 0.014463954063962831, 0.014683841497526775, 0.014376298014054528, 0.01392978596295503, 0.013636422165597227, 0.014354801565436257, 0.01512017483095618, 0.014087135052672312, 0.014655977824689978, 0.014391520025222546, 0.014289204979099296, 0.013403057382015216, 0.01396431659927568, 0.013335352390807778]}