{
  "scene-0003": {
    "steer_rmse": 0.08688538193515356,
    "accel_rmse": 0.06820962208079849,
    "n": 40
  },
  "scene-0012": {
    "steer_rmse": 0.08071949405838734,
    "accel_rmse": 0.06183051805004712,
    "n": 40
  },
  "scene-0013": {
    "steer_rmse": 0.08686224807238696,
    "accel_rmse": 0.04689930015288722,
    "n": 40
  },
  "scene-0014": {
    "steer_rmse": 0.10540434846657058,
    "accel_rmse": 0.08427686699990422,
    "n": 40
  },
  "scene-0015": {
    "steer_rmse": 0.08590788976771263,
    "accel_rmse": 0.054187619889714864,
    "n": 40
  },
  "scene-0016": {
    "steer_rmse": 0.08961200319197642,
    "accel_rmse": 0.04361373485933677,
    "n": 40
  },
  "scene-0017": {
    "steer_rmse": 0.08165610794321869,
    "accel_rmse": 0.07659983214358466,
    "n": 40
  },
  "scene-0018": {
    "steer_rmse": 0.6007436914745065,
    "accel_rmse": 0.06857503771293198,
    "n": 40
  },
  "scene-0035": {
    "steer_rmse": 0.08712189978776871,
    "accel_rmse": 0.05710484176453964,
    "n": 40
  },
  "scene-0036": {
    "steer_rmse": 0.07011139059191389,
    "accel_rmse": 0.04753675630548082,
    "n": 40
  },
  "scene-0038": {
    "steer_rmse": 0.14588688697229724,
    "accel_rmse": 0.07098103631442643,
    "n": 40
  },
  "scene-0039": {
    "steer_rmse": 0.07163570735161588,
    "accel_rmse": 0.07021765370144842,
    "n": 40
  },
  "scene-0092": {
    "steer_rmse": 0.03857086002315844,
    "accel_rmse": 0.025613167313412934,
    "n": 40
  },
  "scene-0093": {
    "steer_rmse": 0.1340035501969637,
    "accel_rmse": 0.05013998216423068,
    "n": 39
  },
  "scene-0094": {
    "steer_rmse": 0.02659570392059948,
    "accel_rmse": 0.03008035416800938,
    "n": 40
  },
  "scene-0095": {
    "steer_rmse": 0.05378217050471313,
    "accel_rmse": 0.07560948629765268,
    "n": 39
  },
  "scene-0096": {
    "steer_rmse": 0.034454538574105194,
    "accel_rmse": 0.08895930867703362,
    "n": 39
  },
  "scene-0097": {
    "steer_rmse": 0.041980088973805944,
    "accel_rmse": 0.052329681626057514,
    "n": 39
  },
  "scene-0098": {
    "steer_rmse": 0.031106508907913288,
    "accel_rmse": 0.04293676278263463,
    "n": 39
  },
  "scene-0099": {
    "steer_rmse": 0.12200186231505329,
    "accel_rmse": 0.06736569185692594,
    "n": 39
  },
  "scene-0100": {
    "steer_rmse": 0.06997506753587941,
    "accel_rmse": 0.034736690994949755,
    "n": 40
  },
  "scene-0101": {
    "steer_rmse": 0.0752295143009186,
    "accel_rmse": 0.06053330779481335,
    "n": 40
  },
  "scene-0102": {
    "steer_rmse": 0.18791053256861964,
    "accel_rmse": 0.03516430513920875,
    "n": 40
  },
  "scene-0103": {
    "steer_rmse": 0.03842914553579805,
    "accel_rmse": 0.11482095492675413,
    "n": 40
  },
  "scene-0104": {
    "steer_rmse": 0.05021706752825954,
    "accel_rmse": 0.07823974113779694,
    "n": 39
  },
  "scene-0105": {
    "steer_rmse": 0.041685576475083606,
    "accel_rmse": 0.039976178809196114,
    "n": 39
  },
  "scene-0106": {
    "steer_rmse": 0.05726094097198301,
    "accel_rmse": 0.05443558178242347,
    "n": 40
  },
  "scene-0107": {
    "steer_rmse": 0.05245994886688745,
    "accel_rmse": 0.05936686012071318,
    "n": 40
  },
  "scene-0108": {
    "steer_rmse": 0.22858136410145027,
    "accel_rmse": 0.09179956461765261,
    "n": 39
  },
  "scene-0109": {
    "steer_rmse": 0.17650914684357474,
    "accel_rmse": 0.04487530493219123,
    "n": 40
  },
  "scene-0110": {
    "steer_rmse": 0.03749004327261015,
    "accel_rmse": 0.03581447544198636,
    "n": 40
  },
  "scene-0221": {
    "steer_rmse": 0.29969878979115216,
    "accel_rmse": 0.10363312456684749,
    "n": 39
  },
  "scene-0268": {
    "steer_rmse": 0.06395064791718005,
    "accel_rmse": 0.08334398080984387,
    "n": 39
  },
  "scene-0269": {
    "steer_rmse": 0.17156076198110082,
    "accel_rmse": 0.08276920899863781,
    "n": 40
  },
  "scene-0270": {
    "steer_rmse": 0.05643763660955216,
    "accel_rmse": 0.057042326215959,
    "n": 40
  },
  "scene-0271": {
    "steer_rmse": 0.13737542551139553,
    "accel_rmse": 0.07645425388659263,
    "n": 39
  },
  "scene-0272": {
    "steer_rmse": 0.16066115960710756,
    "accel_rmse": 0.09853151131713424,
    "n": 39
  },
  "scene-0273": {
    "steer_rmse": 0.06671732682293165,
    "accel_rmse": 0.10012832227855815,
    "n": 39
  },
  "scene-0274": {
    "steer_rmse": 0.05157947825935852,
    "accel_rmse": 0.07422964977984206,
    "n": 40
  },
  "scene-0275": {
    "steer_rmse": 0.09898006119284043,
    "accel_rmse": 0.05096186981224532,
    "n": 40
  },
  "scene-0276": {
    "steer_rmse": 0.12567967858619813,
    "accel_rmse": 0.10536332949633453,
    "n": 40
  },
  "scene-0277": {
    "steer_rmse": 0.06359376746443997,
    "accel_rmse": 0.08117018106998372,
    "n": 40
  },
  "scene-0278": {
    "steer_rmse": 0.20480167396950766,
    "accel_rmse": 0.10834388643056286,
    "n": 40
  },
  "scene-0329": {
    "steer_rmse": 0.3602400748169102,
    "accel_rmse": 0.06856348097327612,
    "n": 39
  },
  "scene-0330": {
    "steer_rmse": 0.0829710271206011,
    "accel_rmse": 0.08592468340963944,
    "n": 39
  },
  "scene-0331": {
    "steer_rmse": 0.474716057482915,
    "accel_rmse": 0.06567125940001667,
    "n": 39
  },
  "scene-0332": {
    "steer_rmse": 0.04894602666149664,
    "accel_rmse": 0.08814548595203821,
    "n": 40
  },
  "scene-0344": {
    "steer_rmse": 0.04526643857983413,
    "accel_rmse": 0.03826655718420373,
    "n": 40
  },
  "scene-0345": {
    "steer_rmse": 0.15274263919470926,
    "accel_rmse": 0.10927023053853333,
    "n": 39
  },
  "scene-0346": {
    "steer_rmse": 0.12294524340153754,
    "accel_rmse": 0.09393687418557636,
    "n": 40
  },
  "scene-0519": {
    "steer_rmse": 0.06090441812011462,
    "accel_rmse": 0.06373873761147876,
    "n": 41
  },
  "scene-0520": {
    "steer_rmse": 0.027289732046047302,
    "accel_rmse": 0.08446597547239681,
    "n": 41
  },
  "scene-0521": {
    "steer_rmse": 0.03661642835311727,
    "accel_rmse": 0.06591470399840936,
    "n": 40
  },
  "scene-0522": {
    "steer_rmse": 0.08831694852090159,
    "accel_rmse": 0.057520955196742295,
    "n": 40
  },
  "scene-0523": {
    "steer_rmse": 0.11394612156993579,
    "accel_rmse": 0.059064214429394996,
    "n": 40
  },
  "scene-0524": {
    "steer_rmse": 0.05549233522253261,
    "accel_rmse": 0.04034247677307135,
    "n": 41
  },
  "scene-0552": {
    "steer_rmse": 0.18690814661932093,
    "accel_rmse": 0.0893434336869846,
    "n": 41
  },
  "scene-0553": {
    "steer_rmse": 0.04557602908878218,
    "accel_rmse": 0.03518041394526022,
    "n": 41
  },
  "scene-0554": {
    "steer_rmse": 0.01462602529867427,
    "accel_rmse": 0.03696241506950784,
    "n": 41
  },
  "scene-0555": {
    "steer_rmse": 0.056580226166678814,
    "accel_rmse": 0.12598179975727286,
    "n": 40
  },
  "scene-0556": {
    "steer_rmse": 0.31135103355986227,
    "accel_rmse": 0.06916498375143554,
    "n": 40
  },
  "scene-0557": {
    "steer_rmse": 0.11936614753255902,
    "accel_rmse": 0.07822084510102051,
    "n": 40
  },
  "scene-0558": {
    "steer_rmse": 0.41487419069120424,
    "accel_rmse": 0.09237121512390602,
    "n": 41
  },
  "scene-0559": {
    "steer_rmse": 0.07209716954236844,
    "accel_rmse": 0.05558600955327302,
    "n": 41
  },
  "scene-0560": {
    "steer_rmse": 0.052658886638700074,
    "accel_rmse": 0.0581011592307192,
    "n": 40
  },
  "scene-0561": {
    "steer_rmse": 0.14713136355275797,
    "accel_rmse": 0.044970255327354595,
    "n": 40
  },
  "scene-0562": {
    "steer_rmse": 0.07927934641572291,
    "accel_rmse": 0.04235850060205417,
    "n": 40
  },
  "scene-0563": {
    "steer_rmse": 0.2546753248250467,
    "accel_rmse": 0.10487855822450627,
    "n": 40
  },
  "scene-0564": {
    "steer_rmse": 0.20926231349079263,
    "accel_rmse": 0.09574250964888292,
    "n": 40
  },
  "scene-0565": {
    "steer_rmse": 0.19177738558321705,
    "accel_rmse": 0.051644472053971074,
    "n": 40
  },
  "scene-0625": {
    "steer_rmse": 0.08800276234867031,