{"train_loss": [0.09201941159985305, 0.017985489155097487, 0.013373320876455217, 0.011175651842899354, 0.009859698956344401, 0.008751123251652698, 0.008068967326717937, 0.007477861749679986, 0.0068906531662475115, 0.006500780391493775, 0.005990240107018857, 0.005789894830380225, 0.005505699634729824, 0.00517353679218232, 0.004972035839303437, 0.004855896010987439, 0.004634598451690816, 0.004459737331972177, 0.004188420532874216, 0.004108660954554672, 0.003980236931719301, 0.0038825454819100213, 0.0037467510727295077, 0.0035763638958333428, 0.003536304085550182, 0.0034777994810073457, 0.0032837735030821023, 0.003333476925402509, 0.0031222060585198003, 0.0030754186627871593, 0.0030455920288269774, 0.002972586260980755, 0.0029437179705766887, 0.002872567403463089, 0.002834579848650375, 0.0027070758495564996, 0.002733613582939878, 0.00263431228256855, 0.0025563986215671707, 0.0025432875776096337, 0.00254243882796983, 0.0025295029209782523, 0.0025020763033315858, 0.0024306793959241253, 0.002335594082195155, 0.0023474924159122314, 0.002295538677407725, 0.002259597917292095, 0.0022916200035989487, 0.002250679568880687], "val_loss": [0.022657991374069642, 0.017372004909793654, 0.015049469302674234, 0.013441754597347606, 0.013325969408982896, 0.013717497422571336, 0.013173787852196804, 0.012562431459724074, 0.014041290940041359, 0.013310648130340257, 0.013410943249473796, 0.013272713434471364, 0.013371257338446754, 0.012888199215664704, 0.01290019860470047, 0.01365043765749343, 0.012863472440214544, 0.012343923536677069, 0.012821316983460625, 0.012929050406495477, 0.0130832371481022, 0.013226079454436566, 0.012603445729323782, 0.013011318542559847, 0.013100472251879988, 0.013144718284786314, 0.012446771445066951, 0.013004616293247576, 0.012948918168132826, 0.013004369525502919, 0.012391037644626651, 0.013169139737865838, 0.012536762665532875, 0.012861827868915295, 0.01296925247792488, 0.013288039618479092, 0.012933273209188072, 0.012333627344945268, 0.01297346893336611, 0.013055365788723516, 0.012888248920579496, 0.013045792834311967, 0.013271700580115278, 0.013200073603675188, 0.012970192672393549, 0.01297011784319181, 0.013148073140636252, 0.013267089897670822, 0.013481723130607274, 0.014038907961874823]}