{
  "scene-0003": {
    "steer_rmse": 0.14063282082577813,
    "accel_rmse": 0.06374576140792719,
    "n": 40
  },
  "scene-0012": {
    "steer_rmse": 0.05863447473951087,
    "accel_rmse": 0.055447512891989875,
    "n": 40
  },
  "scene-0013": {
    "steer_rmse": 0.047735682291301144,
    "accel_rmse": 0.03071606332107969,
    "n": 40
  },
  "scene-0014": {
    "steer_rmse": 0.0645333541741126,
    "accel_rmse": 0.05584291547171087,
    "n": 40
  },
  "scene-0015": {
    "steer_rmse": 0.042196858886208416,
    "accel_rmse": 0.051231795439895214,
    "n": 40
  },
  "scene-0016": {
    "steer_rmse": 0.2230382652593646,
    "accel_rmse": 0.05560675218408898,
    "n": 40
  },
  "scene-0017": {
    "steer_rmse": 0.12023021989649776,
    "accel_rmse": 0.06932103566080763,
    "n": 40
  },
  "scene-0018": {
    "steer_rmse": 0.5508209480100236,
    "accel_rmse": 0.059541899898858865,
    "n": 40
  },
  "scene-0035": {
    "steer_rmse": 0.04049943456208911,
    "accel_rmse": 0.05263170089848764,
    "n": 40
  },
  "scene-0036": {
    "steer_rmse": 0.055985268188125735,
    "accel_rmse": 0.026453600930015975,
    "n": 40
  },
  "scene-0038": {
    "steer_rmse": 0.11747105206558997,
    "accel_rmse": 0.05453971859231346,
    "n": 40
  },
  "scene-0039": {
    "steer_rmse": 0.04264602576188968,
    "accel_rmse": 0.07088730151699904,
    "n": 40
  },
  "scene-0092": {
    "steer_rmse": 0.023447150049566,
    "accel_rmse": 0.024841734814760937,
    "n": 40
  },
  "scene-0093": {
    "steer_rmse": 0.10604175891584006,
    "accel_rmse": 0.036265933538000894,
    "n": 39
  },
  "scene-0094": {
    "steer_rmse": 0.012209561490274004,
    "accel_rmse": 0.041292567552779096,
    "n": 40
  },
  "scene-0095": {
    "steer_rmse": 0.00649629659051906,
    "accel_rmse": 0.04919061780510423,
    "n": 39
  },
  "scene-0096": {
    "steer_rmse": 0.04755641048271339,
    "accel_rmse": 0.08033462479597786,
    "n": 39
  },
  "scene-0097": {
    "steer_rmse": 0.028159846317689488,
    "accel_rmse": 0.08074179025559278,
    "n": 39
  },
  "scene-0098": {
    "steer_rmse": 0.02600819265042588,
    "accel_rmse": 0.03711262737902518,
    "n": 39
  },
  "scene-0099": {
    "steer_rmse": 0.098818480989812,
    "accel_rmse": 0.07115922990280432,
    "n": 39
  },
  "scene-0100": {
    "steer_rmse": 0.06866703115857645,
    "accel_rmse": 0.003677993492921455,
    "n": 40
  },
  "scene-0101": {
    "steer_rmse": 0.0630919294090616,
    "accel_rmse": 0.05938689550050173,
    "n": 40
  },
  "scene-0102": {
    "steer_rmse": 0.2210741787066135,
    "accel_rmse": 0.058986630608554254,
    "n": 40
  },
  "scene-0103": {
    "steer_rmse": 0.03678661116420617,
    "accel_rmse": 0.11093915179067505,
    "n": 40
  },
  "scene-0104": {
    "steer_rmse": 0.04893129203782342,
    "accel_rmse": 0.06676334933887326,
    "n": 39
  },
  "scene-0105": {
    "steer_rmse": 0.07984675960762745,
    "accel_rmse": 0.03962185432402404,
    "n": 39
  },
  "scene-0106": {
    "steer_rmse": 0.08390794903582345,
    "accel_rmse": 0.04872461921193564,
    "n": 40
  },
  "scene-0107": {
    "steer_rmse": 0.10898453228753333,
    "accel_rmse": 0.053225482769718606,
    "n": 40
  },
  "scene-0108": {
    "steer_rmse": 0.20170034059066766,
    "accel_rmse": 0.07721300177706253,
    "n": 39
  },
  "scene-0109": {
    "steer_rmse": 0.11326181988522707,
    "accel_rmse": 0.04472462022638604,
    "n": 40
  },
  "scene-0110": {
    "steer_rmse": 0.023640948326154213,
    "accel_rmse": 0.025379455904025877,
    "n": 40
  },
  "scene-0221": {
    "steer_rmse": 0.2911397399147706,
    "accel_rmse": 0.07595099373759241,
    "n": 39
  },
  "scene-0268": {
    "steer_rmse": 0.05954621253667455,
    "accel_rmse": 0.06383828366758995,
    "n": 39
  },
  "scene-0269": {
    "steer_rmse": 0.13196447602871714,
    "accel_rmse": 0.06346362470743477,
    "n": 40
  },
  "scene-0270": {
    "steer_rmse": 0.09529510577402407,
    "accel_rmse": 0.04550478426893489,
    "n": 40
  },
  "scene-0271": {
    "steer_rmse": 0.1319144235206555,
    "accel_rmse": 0.0900927163420571,
    "n": 39
  },
  "scene-0272": {
    "steer_rmse": 0.13227722623834234,
    "accel_rmse": 0.06808929036038677,
    "n": 39
  },
  "scene-0273": {
    "steer_rmse": 0.08844942497078107,
    "accel_rmse": 0.08339401683291228,
    "n": 39
  },
  "scene-0274": {
    "steer_rmse": 0.041189031177161044,
    "accel_rmse": 0.06358558459835596,
    "n": 40
  },
  "scene-0275": {
    "steer_rmse": 0.07479478315749226,
    "accel_rmse": 0.04278585703222827,
    "n": 40
  },
  "scene-0276": {
    "steer_rmse": 0.11226057516646623,
    "accel_rmse": 0.09516881511467544,
    "n": 40
  },
  "scene-0277": {
    "steer_rmse": 0.07694924494547106,
    "accel_rmse": 0.06731850857719117,
    "n": 40
  },
  "scene-0278": {
    "steer_rmse": 0.1723996971701002,
    "accel_rmse": 0.10997877916567393,
    "n": 40
  },
  "scene-0329": {
    "steer_rmse": 0.3587915310579386,
    "accel_rmse": 0.061341704375272,
    "n": 39
  },
  "scene-0330": {
    "steer_rmse": 0.139467886694723,
    "accel_rmse": 0.06575375117403104,
    "n": 39
  },
  "scene-0331": {
    "steer_rmse": 0.5340490590321562,
    "accel_rmse": 0.07010126113696159,
    "n": 39
  },
  "scene-0332": {
    "steer_rmse": 0.07701611934529926,
    "accel_rmse": 0.07224852243311304,
    "n": 40
  },
  "scene-0344": {
    "steer_rmse": 0.032200044478450825,
    "accel_rmse": 0.028994929606603166,
    "n": 40
  },
  "scene-0345": {
    "steer_rmse": 0.16607373465835135,
    "accel_rmse": 0.0832805334556269,
    "n": 39
  },
  "scene-0346": {
    "steer_rmse": 0.13852496703882053,
    "accel_rmse": 0.0864895380347548,
    "n": 40
  },
  "scene-0519": {
    "steer_rmse": 0.023162232538441793,
    "accel_rmse": 0.060416836357369594,
    "n": 41
  },
  "scene-0520": {
    "steer_rmse": 0.03327934002293947,
    "accel_rmse": 0.06399934315363691,
    "n": 41
  },
  "scene-0521": {
    "steer_rmse": 0.02258626969297911,
    "accel_rmse": 0.057361059503612144,
    "n": 40
  },
  "scene-0522": {
    "steer_rmse": 0.045203671144754466,
    "accel_rmse": 0.060170063583831784,
    "n": 40
  },
  "scene-0523": {
    "steer_rmse": 0.11920670803631826,
    "accel_rmse": 0.0462435066472664,
    "n": 40
  },
  "scene-0524": {
    "steer_rmse": 0.03810712964006693,
    "accel_rmse": 0.019386537322447665,
    "n": 41
  },
  "scene-0552": {
    "steer_rmse": 0.2131134716583926,
    "accel_rmse": 0.0901907998574955,
    "n": 41
  },
  "scene-0553": {
    "steer_rmse": 0.07108427418890072,
    "accel_rmse": 0.0073498190951793866,
    "n": 41
  },
  "scene-0554": {
    "steer_rmse": 0.067919162192304,
    "accel_rmse": 0.008504901622242551,
    "n": 41
  },
  "scene-0555": {
    "steer_rmse": 0.047705009906430555,
    "accel_rmse": 0.13056964927470757,
    "n": 40
  },
  "scene-0556": {
    "steer_rmse": 0.4216184980653174,
    "accel_rmse": 0.06517325918267002,
    "n": 40
  },
  "scene-0557": {
    "steer_rmse": 0.4376443444896442,
    "accel_rmse": 0.08762671174649797,
    "n": 40
  },
  "scene-0558": {
    "steer_rmse": 0.486387555422997,
    "accel_rmse": 0.06438458853054069,
    "n": 41
  },
  "scene-0559": {
    "steer_rmse": 0.030345009677866474,
    "accel_rmse": 0.0579626304629161,
    "n": 41
  },
  "scene-0560": {
    "steer_rmse": 0.06462414152191702,
    "accel_rmse": 0.07145390571959348,
    "n": 40
  },
  "scene-0561": {
    "steer_rmse": 0.13649502060448862,
    "accel_rmse": 0.05236784733979248,
    "n": 40
  },
  "scene-0562": {
    "steer_rmse": 0.06741276531206007,
    "accel_rmse": 0.04508185084941639,
    "n": 40
  },
  "scene-0563": {
    "steer_rmse": 0.16883261748114484,
    "accel_rmse": 0.05277974675121128,
    "n": 40
  },
  "scene-0564": {
    "steer_rmse": 0.3867167361165644,
    "accel_rmse": 0.0479492468283953,
    "n": 40
  },
  "scene-0565": {
    "steer_rmse": 0.25767836547744744,
    "accel_rmse": 0.0438632855292166,
    "n": 40
  },
  "scene-0625": {
    "steer_rmse": 0.10600348521756973,