{"train_loss": [0.01778641620189896, 0.016426440409798963, 0.016124447689171637, 0.015792480253827797, 0.015526927502454522, 0.014837773993530643, 0.014383325650406396, 0.014095088592523128, 0.013699547768930235, 0.013431514834561504, 0.013200366488148709, 0.012813177584221073, 0.012600980892051214, 0.01231428901748967, 0.012241615067735596, 0.01206709508546148, 0.011931103049537239, 0.011648361198977683, 0.01156385484541181, 0.011546634609829314, 0.011508613375657731, 0.011201497566476435, 0.011188404406714142, 0.01112203992009641, 0.011036554804782323, 0.010974394527517597, 0.01105683866038028, 0.010758757316819334, 0.010641831495547708, 0.01047301258005701, 0.01075773312192077, 0.010465817328585805, 0.010355692846133462, 0.010305345438964698, 0.010230425862327213, 0.010413059543009818, 0.010346721440614931, 0.010137627510644565, 0.010024493755724145, 0.010080695841453949, 0.009811259444909095, 0.00988039096258506, 0.009731712835369055, 0.009857321042766234, 0.009755594066519407, 0.009600707588099448, 0.009570647214830363, 0.009540013054656996, 0.009488822772614793, 0.009363187668038883], "val_loss": [0.020000439054481872, 0.01899213404968936, 0.017448588504298198, 0.018024625879387888, 0.016423706569495284, 0.01437425835737354, 0.014070295457718547, 0.014155906711140082, 0.01355092648199938, 0.01343700061385855, 0.01308946744737416, 0.013698515311134689, 0.013087665454741772, 0.013003062478045186, 0.013805098951646798, 0.014057503633433327, 0.013095695231305925, 0.013193744009870877, 0.013369837421705624, 0.01372194474878214, 0.012743230815279172, 0.013615120873602964, 0.014285586919074523, 0.014448670479599595, 0.013112259075259185, 0.012974819471226676, 0.012425944975391602, 0.012517727382214188, 0.012615134036359874, 0.012659393407787614, 0.012778577636827186, 0.012801055736022941, 0.012531766979506113, 0.012485152592219174, 0.01275454882105338, 0.013785243548146588, 0.012952479724328617, 0.012226801086181386, 0.012497074881797894, 0.012715767260472341, 0.012844307558332676, 0.012653411889131761, 0.012023505708882517, 0.013342424643970525, 0.013262498231130269, 0.01201020526395423, 0.012488803362623759, 0.012623226493071082, 0.011998995310114214, 0.012009369406728929]}