k,cossim_conditioned,cossim_unconditioned,delta_cossim
1,0.9955065250,0.9998890758,-0.0043825507
2,0.9955086112,0.9998890758,-0.0043804646
3,0.9955352545,0.9998899698,-0.0043547153
4,0.9955221415,0.9998902678,-0.0043681264
