{
  "scene-0003": {
    "steer_rmse": 0.08807266339302415,
    "accel_rmse": 0.06896674552107797,
    "n": 40
  },
  "scene-0012": {
    "steer_rmse": 0.03922173980665606,
    "accel_rmse": 0.06428852556415816,
    "n": 40
  },
  "scene-0013": {
    "steer_rmse": 0.03440549480601248,
    "accel_rmse": 0.044925625901853304,
    "n": 40
  },
  "scene-0014": {
    "steer_rmse": 0.061694262287678145,
    "accel_rmse": 0.05061624921591366,
    "n": 40
  },
  "scene-0015": {
    "steer_rmse": 0.045304609985111204,
    "accel_rmse": 0.04031406096070896,
    "n": 40
  },
  "scene-0016": {
    "steer_rmse": 0.1164929601631579,
    "accel_rmse": 0.0567297442864041,
    "n": 40
  },
  "scene-0017": {
    "steer_rmse": 0.06500920044531992,
    "accel_rmse": 0.049076152843213296,
    "n": 40
  },
  "scene-0018": {
    "steer_rmse": 0.575784012948093,
    "accel_rmse": 0.0649829347852407,
    "n": 40
  },
  "scene-0035": {
    "steer_rmse": 0.05595402675282725,
    "accel_rmse": 0.05537339141379176,
    "n": 40
  },
  "scene-0036": {
    "steer_rmse": 0.018679672905281743,
    "accel_rmse": 0.02313047491530556,
    "n": 40
  },
  "scene-0038": {
    "steer_rmse": 0.0850499420995117,
    "accel_rmse": 0.041797183497873154,
    "n": 40
  },
  "scene-0039": {
    "steer_rmse": 0.021685690008154984,
    "accel_rmse": 0.06343290857902738,
    "n": 40
  },
  "scene-0092": {
    "steer_rmse": 0.009969804379515597,
    "accel_rmse": 0.029042171133013033,
    "n": 40
  },
  "scene-0093": {
    "steer_rmse": 0.10800475672413616,
    "accel_rmse": 0.04133719964410583,
    "n": 39
  },
  "scene-0094": {
    "steer_rmse": 0.0049633769175036965,
    "accel_rmse": 0.030040489070173048,
    "n": 40
  },
  "scene-0095": {
    "steer_rmse": 0.013844929697738154,
    "accel_rmse": 0.051065254867224484,
    "n": 39
  },
  "scene-0096": {
    "steer_rmse": 0.014599001826765505,
    "accel_rmse": 0.07247993005455097,
    "n": 39
  },
  "scene-0097": {
    "steer_rmse": 0.038737867180625246,
    "accel_rmse": 0.05960988868221099,
    "n": 39
  },
  "scene-0098": {
    "steer_rmse": 0.015716343611165133,
    "accel_rmse": 0.03460736805305395,
    "n": 39
  },
  "scene-0099": {
    "steer_rmse": 0.112960672251449,
    "accel_rmse": 0.057307153662765634,
    "n": 39
  },
  "scene-0100": {
    "steer_rmse": 0.0600085013724328,
    "accel_rmse": 0.01017275295724704,
    "n": 40
  },
  "scene-0101": {
    "steer_rmse": 0.04277935387290364,
    "accel_rmse": 0.06311485669762289,
    "n": 40
  },
  "scene-0102": {
    "steer_rmse": 0.14401131962072553,
    "accel_rmse": 0.044966597712221,
    "n": 40
  },
  "scene-0103": {
    "steer_rmse": 0.015471271460315888,
    "accel_rmse": 0.0978074789042984,
    "n": 40
  },
  "scene-0104": {
    "steer_rmse": 0.014050863218734763,
    "accel_rmse": 0.060655421457475295,
    "n": 39
  },
  "scene-0105": {
    "steer_rmse": 0.026859536425632997,
    "accel_rmse": 0.037287032581018474,
    "n": 39
  },
  "scene-0106": {
    "steer_rmse": 0.026837592461649257,
    "accel_rmse": 0.04259224483554947,
    "n": 40
  },
  "scene-0107": {
    "steer_rmse": 0.08785081550888613,
    "accel_rmse": 0.039017077370468944,
    "n": 40
  },
  "scene-0108": {
    "steer_rmse": 0.2332146213991351,
    "accel_rmse": 0.06348003434275411,
    "n": 39
  },
  "scene-0109": {
    "steer_rmse": 0.09449972548083098,
    "accel_rmse": 0.05013407171440457,
    "n": 40
  },
  "scene-0110": {
    "steer_rmse": 0.01264593141043746,
    "accel_rmse": 0.020838027006407554,
    "n": 40
  },
  "scene-0221": {
    "steer_rmse": 0.32541614696714366,
    "accel_rmse": 0.065304438659973,
    "n": 39
  },
  "scene-0268": {
    "steer_rmse": 0.07429111892823016,
    "accel_rmse": 0.07006958907744466,
    "n": 39
  },
  "scene-0269": {
    "steer_rmse": 0.08270792498016917,
    "accel_rmse": 0.060898845017446135,
    "n": 40
  },
  "scene-0270": {
    "steer_rmse": 0.04568770862518159,
    "accel_rmse": 0.03985443997739948,
    "n": 40
  },
  "scene-0271": {
    "steer_rmse": 0.11467295556755194,
    "accel_rmse": 0.09377032616756564,
    "n": 39
  },
  "scene-0272": {
    "steer_rmse": 0.1033271988379229,
    "accel_rmse": 0.06293447370280657,
    "n": 39
  },
  "scene-0273": {
    "steer_rmse": 0.08263673146337226,
    "accel_rmse": 0.07264266761589032,
    "n": 39
  },
  "scene-0274": {
    "steer_rmse": 0.022290109028861086,
    "accel_rmse": 0.06609801465473475,
    "n": 40
  },
  "scene-0275": {
    "steer_rmse": 0.08519329211301971,
    "accel_rmse": 0.04946627223397872,
    "n": 40
  },
  "scene-0276": {
    "steer_rmse": 0.10697078187736929,
    "accel_rmse": 0.08588588358415727,
    "n": 40
  },
  "scene-0277": {
    "steer_rmse": 0.019961737352040015,
    "accel_rmse": 0.06893671732634238,
    "n": 40
  },
  "scene-0278": {
    "steer_rmse": 0.14294865865335016,
    "accel_rmse": 0.10040464281704874,
    "n": 40
  },
  "scene-0329": {
    "steer_rmse": 0.32565913849276906,
    "accel_rmse": 0.06381761353427091,
    "n": 39
  },
  "scene-0330": {
    "steer_rmse": 0.09414994893395821,
    "accel_rmse": 0.0531572794751146,
    "n": 39
  },
  "scene-0331": {
    "steer_rmse": 0.6822618308000199,
    "accel_rmse": 0.061768241860034594,
    "n": 39
  },
  "scene-0332": {
    "steer_rmse": 0.06481663046027722,
    "accel_rmse": 0.0670914134676958,
    "n": 40
  },
  "scene-0344": {
    "steer_rmse": 0.012094605387662258,
    "accel_rmse": 0.010905213352821436,
    "n": 40
  },
  "scene-0345": {
    "steer_rmse": 0.10628355836977384,
    "accel_rmse": 0.06856063235564334,
    "n": 39
  },
  "scene-0346": {
    "steer_rmse": 0.10302495706013881,
    "accel_rmse": 0.11974836462324062,
    "n": 40
  },
  "scene-0519": {
    "steer_rmse": 0.02885137753972189,
    "accel_rmse": 0.05000943894287788,
    "n": 41
  },
  "scene-0520": {
    "steer_rmse": 0.013873677394011458,
    "accel_rmse": 0.04287435193913866,
    "n": 41
  },
  "scene-0521": {
    "steer_rmse": 0.01532669918657491,
    "accel_rmse": 0.05132605842542425,
    "n": 40
  },
  "scene-0522": {
    "steer_rmse": 0.017131531867041756,
    "accel_rmse": 0.05521158777521854,
    "n": 40
  },
  "scene-0523": {
    "steer_rmse": 0.0894680759984588,
    "accel_rmse": 0.04305866956603719,
    "n": 40
  },
  "scene-0524": {
    "steer_rmse": 0.026160097556476428,
    "accel_rmse": 0.02502019760638038,
    "n": 41
  },
  "scene-0552": {
    "steer_rmse": 0.21037244742617284,
    "accel_rmse": 0.08937755435375556,
    "n": 41
  },
  "scene-0553": {
    "steer_rmse": 0.023456553741153786,
    "accel_rmse": 0.02966402041089858,
    "n": 41
  },
  "scene-0554": {
    "steer_rmse": 0.01875443610418273,
    "accel_rmse": 0.03153369690807396,
    "n": 41
  },
  "scene-0555": {
    "steer_rmse": 0.03425577968965144,
    "accel_rmse": 0.11786023414025319,
    "n": 40
  },
  "scene-0556": {
    "steer_rmse": 0.3375129559485125,
    "accel_rmse": 0.06976237269254178,
    "n": 40
  },
  "scene-0557": {
    "steer_rmse": 0.0856265186468419,
    "accel_rmse": 0.06595728828455388,
    "n": 40
  },
  "scene-0558": {
    "steer_rmse": 0.21790700759887383,
    "accel_rmse": 0.06040843762823521,
    "n": 41
  },
  "scene-0559": {
    "steer_rmse": 0.061237048826573416,
    "accel_rmse": 0.04664532089489472,
    "n": 41
  },
  "scene-0560": {
    "steer_rmse": 0.11082161357498763,
    "accel_rmse": 0.06119491638306337,
    "n": 40
  },
  "scene-0561": {
    "steer_rmse": 0.1299843237194464,
    "accel_rmse": 0.06808510944045222,
    "n": 40
  },
  "scene-0562": {
    "steer_rmse": 0.04206612059072113,
    "accel_rmse": 0.04558965294565169,
    "n": 40
  },
  "scene-0563": {
    "steer_rmse": 0.16622597086682117,
    "accel_rmse": 0.050476898679571676,
    "n": 40
  },
  "scene-0564": {
    "steer_rmse": 0.14801328307793007,
    "accel_rmse": 0.05529749425337496,
    "n": 40
  },
  "scene-0565": {
    "steer_rmse": 0.10772287419428245,
    "accel_rmse": 0.04525966779967114,
    "n": 40
  },
  "scene-0625": {
    "steer_rmse": 0.04820745268255088,