{"train_loss": [0.08253356129965102, 0.014626576953499948, 0.013126373693580088, 0.011916534908226441, 0.011480474171317992, 0.010752748969211618, 0.010519143820968536, 0.01003403392076086, 0.00963425922308026, 0.009125669880643505, 0.008625051195068659, 0.008220466058828292, 0.007893459425885731, 0.007718502461381265, 0.007470330495852043, 0.007319567232428965, 0.007056428832022531, 0.006982782782446571, 0.006637667910697598, 0.006519556291045743, 0.006380652234546999, 0.006257264452698393, 0.005900897939509768, 0.005997015827668273, 0.005674987306689109, 0.005820286246237031, 0.005564504910807353, 0.005399286227149092, 0.005357187368181925, 0.005223243686864045, 0.005384635438001687, 0.005203265250715395, 0.005033429768952592, 0.004988951626208727, 0.004813259586372823, 0.004893965420051304, 0.004672711356694302, 0.004784501615218367, 0.004839454775035824, 0.0046250768032184975, 0.004600922950247218, 0.004381662128699403, 0.004465490568603318, 0.004254238944159984, 0.00433208038397223, 0.004453035876284903, 0.004475230754103185, 0.00433385718770391, 0.0042619221526613875, 0.004249327035820298], "val_loss": [0.018502145841584623, 0.015536214109607501, 0.012250771063782097, 0.011815326452656687, 0.01131466042944146, 0.012022307077050638, 0.010677121902282535, 0.011825492447827124, 0.011367240875760467, 0.009715425796038284, 0.010731309134653751, 0.01010438874948883, 0.01007719161649046, 0.009563394534026633, 0.010267600805068956, 0.01048342267337033, 0.009751139007597486, 0.01021641072639326, 0.010943136937272975, 0.010550997028428929, 0.010477339996374168, 0.010903751271378995, 0.009745436152874425, 0.010573344136371099, 0.010072082324896996, 0.010139041802982928, 0.00958687072237678, 0.010665176368861978, 0.010917204048059154, 0.010595332277243541, 0.009901959209334746, 0.009467840968284869, 0.010187877513395992, 0.011073058604046665, 0.010337373383019063, 0.010575209871199965, 0.009804533500152078, 0.009907389054564338, 0.00977616551287631, 0.009751073283880743, 0.009531715856897249, 0.00901959980108113, 0.00996725068488804, 0.009848491381165076, 0.009895133911487098, 0.01041572005684762, 0.010677071412201632, 0.01021347966829055, 0.010490614952876608, 0.009933664150440532]}