{
  "scene-0003": {
    "steer_rmse": 0.12417174699102641,
    "accel_rmse": 0.06678273473444842,
    "n": 40
  },
  "scene-0012": {
    "steer_rmse": 0.09542108995674609,
    "accel_rmse": 0.07246977938874928,
    "n": 40
  },
  "scene-0013": {
    "steer_rmse": 0.06853047658229217,
    "accel_rmse": 0.05305062143000718,
    "n": 40
  },
  "scene-0014": {
    "steer_rmse": 0.06664092331935995,
    "accel_rmse": 0.055357969051081875,
    "n": 40
  },
  "scene-0015": {
    "steer_rmse": 0.05468931876624297,
    "accel_rmse": 0.08792555036249192,
    "n": 40
  },
  "scene-0016": {
    "steer_rmse": 0.12390568264376631,
    "accel_rmse": 0.04740264379022047,
    "n": 40
  },
  "scene-0017": {
    "steer_rmse": 0.09418614774097309,
    "accel_rmse": 0.08358076847823355,
    "n": 40
  },
  "scene-0018": {
    "steer_rmse": 0.5855446862777363,
    "accel_rmse": 0.08093415541166055,
    "n": 40
  },
  "scene-0035": {
    "steer_rmse": 0.0994528372644126,
    "accel_rmse": 0.056167426808667,
    "n": 40
  },
  "scene-0036": {
    "steer_rmse": 0.05823057625386138,
    "accel_rmse": 0.044708720873330415,
    "n": 40
  },
  "scene-0038": {
    "steer_rmse": 0.15096028440734272,
    "accel_rmse": 0.05887932645352384,
    "n": 40
  },
  "scene-0039": {
    "steer_rmse": 0.06748746005186759,
    "accel_rmse": 0.07135411111333641,
    "n": 40
  },
  "scene-0092": {
    "steer_rmse": 0.025496914952453785,
    "accel_rmse": 0.029001924372788458,
    "n": 40
  },
  "scene-0093": {
    "steer_rmse": 0.172467188944238,
    "accel_rmse": 0.06536589617123725,
    "n": 39
  },
  "scene-0094": {
    "steer_rmse": 0.03910880690829944,
    "accel_rmse": 0.027704536051126803,
    "n": 40
  },
  "scene-0095": {
    "steer_rmse": 0.01699177841344945,
    "accel_rmse": 0.08767540404659502,
    "n": 39
  },
  "scene-0096": {
    "steer_rmse": 0.036906671191281916,
    "accel_rmse": 0.09333952801767476,
    "n": 39
  },
  "scene-0097": {
    "steer_rmse": 0.023330080125749136,
    "accel_rmse": 0.08626237453179422,
    "n": 39
  },
  "scene-0098": {
    "steer_rmse": 0.020223670597504333,
    "accel_rmse": 0.03927143272337364,
    "n": 39
  },
  "scene-0099": {
    "steer_rmse": 0.1158478606472247,
    "accel_rmse": 0.06918710679843555,
    "n": 39
  },
  "scene-0100": {
    "steer_rmse": 0.043989294463553465,
    "accel_rmse": 0.05211957776041516,
    "n": 40
  },
  "scene-0101": {
    "steer_rmse": 0.07091595089443105,
    "accel_rmse": 0.07180299618116336,
    "n": 40
  },
  "scene-0102": {
    "steer_rmse": 0.19637683471384254,
    "accel_rmse": 0.046711874367026285,
    "n": 40
  },
  "scene-0103": {
    "steer_rmse": 0.03347754781155671,
    "accel_rmse": 0.11576038944658468,
    "n": 40
  },
  "scene-0104": {
    "steer_rmse": 0.05711539868796712,
    "accel_rmse": 0.08109931556242826,
    "n": 39
  },
  "scene-0105": {
    "steer_rmse": 0.03823130278999153,
    "accel_rmse": 0.04183957614942436,
    "n": 39
  },
  "scene-0106": {
    "steer_rmse": 0.04777602633024461,
    "accel_rmse": 0.0659417029816076,
    "n": 40
  },
  "scene-0107": {
    "steer_rmse": 0.06077442134481668,
    "accel_rmse": 0.05167021444824671,
    "n": 40
  },
  "scene-0108": {
    "steer_rmse": 0.2527777527940637,
    "accel_rmse": 0.07675451648160585,
    "n": 39
  },
  "scene-0109": {
    "steer_rmse": 0.14357784193496373,
    "accel_rmse": 0.04543374517124709,
    "n": 40
  },
  "scene-0110": {
    "steer_rmse": 0.03179619194991669,
    "accel_rmse": 0.03491029876385844,
    "n": 40
  },
  "scene-0221": {
    "steer_rmse": 0.2544618613063206,
    "accel_rmse": 0.1437280797876408,
    "n": 39
  },
  "scene-0268": {
    "steer_rmse": 0.05750583514409918,
    "accel_rmse": 0.09139573176399014,
    "n": 39
  },
  "scene-0269": {
    "steer_rmse": 0.12783855506563183,
    "accel_rmse": 0.0707839816596839,
    "n": 40
  },
  "scene-0270": {
    "steer_rmse": 0.05653460949536002,
    "accel_rmse": 0.05215639334889292,
    "n": 40
  },
  "scene-0271": {
    "steer_rmse": 0.13159981338401192,
    "accel_rmse": 0.08018946643475378,
    "n": 39
  },
  "scene-0272": {
    "steer_rmse": 0.16640043729812004,
    "accel_rmse": 0.09812539535567336,
    "n": 39
  },
  "scene-0273": {
    "steer_rmse": 0.0595226302402676,
    "accel_rmse": 0.08294212487709215,
    "n": 39
  },
  "scene-0274": {
    "steer_rmse": 0.046727806163105595,
    "accel_rmse": 0.06292294001249202,
    "n": 40
  },
  "scene-0275": {
    "steer_rmse": 0.07577861809004757,
    "accel_rmse": 0.06613170379843021,
    "n": 40
  },
  "scene-0276": {
    "steer_rmse": 0.12109302540593218,
    "accel_rmse": 0.07037750005391422,
    "n": 40
  },
  "scene-0277": {
    "steer_rmse": 0.0712199165086722,
    "accel_rmse": 0.08323451542416772,
    "n": 40
  },
  "scene-0278": {
    "steer_rmse": 0.18694949268887603,
    "accel_rmse": 0.127803823053595,
    "n": 40
  },
  "scene-0329": {
    "steer_rmse": 0.3200040461840346,
    "accel_rmse": 0.06285570913502447,
    "n": 39
  },
  "scene-0330": {
    "steer_rmse": 0.11319139998126831,
    "accel_rmse": 0.09044138319766566,
    "n": 39
  },
  "scene-0331": {
    "steer_rmse": 0.48121479757845387,
    "accel_rmse": 0.06579024294140914,
    "n": 39
  },
  "scene-0332": {
    "steer_rmse": 0.06651007948911214,
    "accel_rmse": 0.07458075799545577,
    "n": 40
  },
  "scene-0344": {
    "steer_rmse": 0.04159809125953996,
    "accel_rmse": 0.028750881506181047,
    "n": 40
  },
  "scene-0345": {
    "steer_rmse": 0.13899625504579732,
    "accel_rmse": 0.0810915294363228,
    "n": 39
  },
  "scene-0346": {
    "steer_rmse": 0.07362429186019046,
    "accel_rmse": 0.12446157356554151,
    "n": 40
  },
  "scene-0519": {
    "steer_rmse": 0.06332506998656173,
    "accel_rmse": 0.06024182817789401,
    "n": 41
  },
  "scene-0520": {
    "steer_rmse": 0.02972814306726635,
    "accel_rmse": 0.0689872079949059,
    "n": 41
  },
  "scene-0521": {
    "steer_rmse": 0.036927479229225645,
    "accel_rmse": 0.0620163631759417,
    "n": 40
  },
  "scene-0522": {
    "steer_rmse": 0.05112487095653133,
    "accel_rmse": 0.07146492961894355,
    "n": 40
  },
  "scene-0523": {
    "steer_rmse": 0.12812059158988856,
    "accel_rmse": 0.05784641278870061,
    "n": 40
  },
  "scene-0524": {
    "steer_rmse": 0.04565637631127823,
    "accel_rmse": 0.02827179879137766,
    "n": 41
  },
  "scene-0552": {
    "steer_rmse": 0.20156372661770736,
    "accel_rmse": 0.09591193990746787,
    "n": 41
  },
  "scene-0553": {
    "steer_rmse": 0.06593782133564292,
    "accel_rmse": 0.06531159009122268,
    "n": 41
  },
  "scene-0554": {
    "steer_rmse": 0.030764828177968086,
    "accel_rmse": 0.04403315315819246,
    "n": 41
  },
  "scene-0555": {
    "steer_rmse": 0.048697772302980565,
    "accel_rmse": 0.13116026148085996,
    "n": 40
  },
  "scene-0556": {
    "steer_rmse": 0.33661205999617816,
    "accel_rmse": 0.06423091802222561,
    "n": 40
  },
  "scene-0557": {
    "steer_rmse": 0.09343026520741105,
    "accel_rmse": 0.07116319586718589,
    "n": 40
  },
  "scene-0558": {
    "steer_rmse": 0.3963148040793981,
    "accel_rmse": 0.08308240949540029,
    "n": 41
  },
  "scene-0559": {
    "steer_rmse": 0.06013329021493101,
    "accel_rmse": 0.04631883582771699,
    "n": 41
  },
  "scene-0560": {
    "steer_rmse": 0.04665743490515495,
    "accel_rmse": 0.06419683318180158,
    "n": 40
  },
  "scene-0561": {
    "steer_rmse": 0.20142632097667718,
    "accel_rmse": 0.04255470800769997,
    "n": 40
  },
  "scene-0562": {
    "steer_rmse": 0.045825462174215285,
    "accel_rmse": 0.049706218514229766,
    "n": 40
  },
  "scene-0563": {
    "steer_rmse": 0.11986874690964715,
    "accel_rmse": 0.08747954524474866,
    "n": 40
  },
  "scene-0564": {
    "steer_rmse": 0.15053718631563892,
    "accel_rmse": 0.14242888647937743,
    "n": 40
  },
  "scene-0565": {
    "steer_rmse": 0.19718394879855894,
    "accel_rmse": 0.05171459103273377,
    "n": 40
  },
  "scene-0625": {
    "steer_rmse": 0.07781572414661263,