{"train_loss": [0.07056790260957442, 0.015549606888607664, 0.012341064926553659, 0.010456447239488518, 0.009265127598288974, 0.008436956173544948, 0.007777190346769896, 0.00719617281947397, 0.0065852978017227485, 0.00632798445589969, 0.006056802466883807, 0.005680979055274432, 0.005384771916021605, 0.005114332878139547, 0.004928728448233772, 0.004745527418428188, 0.004512694960843355, 0.004411853553549447, 0.004251287426206299, 0.004120125353367715, 0.004047371585309099, 0.003859697840472768, 0.0037902810741021684, 0.0035334347866063155, 0.0036067523559457533, 0.003617359622431313, 0.0036189234342405142, 0.0032444399233864125, 0.003159414778130687, 0.0031820459723565244, 0.0030284376155788276, 0.003010384999480841, 0.002938430011123, 0.00296319268949814, 0.0027673929627511067, 0.002839383379023147, 0.002715732913252864, 0.0027523149732956824, 0.002656509985520052, 0.0025840345080874673, 0.0024957172960944018, 0.002550056584723327, 0.0025223401977691458, 0.0025085288294950762, 0.0025948438555827066, 0.0023566895741536, 0.0024035565181333846, 0.002436632521650756, 0.002310574963532696, 0.002281870277795748], "val_loss": [0.0194267197578281, 0.01656250681680181, 0.01398739009307389, 0.013529578722491746, 0.013722698527033707, 0.013547608011416143, 0.01311350800266938, 0.012584077222151106, 0.012574585405551541, 0.013418176421885605, 0.012707347160239593, 0.012608320178028268, 0.014034404177855538, 0.013631775974332886, 0.012933323207399705, 0.013391276241430052, 0.013128556518289867, 0.012684163394252778, 0.013106715246101915, 0.01296733694184676, 0.012957048909205555, 0.014054554382563096, 0.013754997574167897, 0.01305188054985986, 0.013225140727167685, 0.014380943997667569, 0.013206527456770001, 0.012842522071451921, 0.013102116222810708, 0.013147458115136778, 0.01315330116633187, 0.0128411937734349, 0.013247553747515128, 0.013762054024990526, 0.013265059601398893, 0.01297675015444535, 0.01381609788006354, 0.013375379186648842, 0.013044013001870535, 0.012924689579328585, 0.01318936477387714, 0.013719963878529133, 0.01284499454361759, 0.013443661449817691, 0.01329259361520401, 0.013399203809456205, 0.013355309114592165, 0.013258898183503062, 0.013433408627377432, 0.012441894707323277]}