{
  "scene-0003": {
    "steer_rmse": 0.0519949302872246,
    "accel_rmse": 0.060456403880565356,
    "n": 40
  },
  "scene-0012": {
    "steer_rmse": 0.04123359150834837,
    "accel_rmse": 0.06817400071990345,
    "n": 40
  },
  "scene-0013": {
    "steer_rmse": 0.017306022103527167,
    "accel_rmse": 0.043430002103555056,
    "n": 40
  },
  "scene-0014": {
    "steer_rmse": 0.03816863311937038,
    "accel_rmse": 0.045193036894256904,
    "n": 40
  },
  "scene-0015": {
    "steer_rmse": 0.02385751313814356,
    "accel_rmse": 0.04023880061728802,
    "n": 40
  },
  "scene-0016": {
    "steer_rmse": 0.04708927715429674,
    "accel_rmse": 0.0518842117378431,
    "n": 40
  },
  "scene-0017": {
    "steer_rmse": 0.0863183360502495,
    "accel_rmse": 0.04661108201635599,
    "n": 40
  },
  "scene-0018": {
    "steer_rmse": 0.29161825999045143,
    "accel_rmse": 0.0903758139441743,
    "n": 40
  },
  "scene-0035": {
    "steer_rmse": 0.010593670611142221,
    "accel_rmse": 0.04644028801929981,
    "n": 40
  },
  "scene-0036": {
    "steer_rmse": 0.012551024314034346,
    "accel_rmse": 0.025382352636741566,
    "n": 40
  },
  "scene-0038": {
    "steer_rmse": 0.04626133616766506,
    "accel_rmse": 0.03842584683872594,
    "n": 40
  },
  "scene-0039": {
    "steer_rmse": 0.00865102989699181,
    "accel_rmse": 0.06960594216252769,
    "n": 40
  },
  "scene-0092": {
    "steer_rmse": 0.006472038143285042,
    "accel_rmse": 0.02051756958562515,
    "n": 40
  },
  "scene-0093": {
    "steer_rmse": 0.04352566551647702,
    "accel_rmse": 0.04965047198508278,
    "n": 39
  },
  "scene-0094": {
    "steer_rmse": 0.009613432095245837,
    "accel_rmse": 0.030962045509281194,
    "n": 40
  },
  "scene-0095": {
    "steer_rmse": 0.055241456001056344,
    "accel_rmse": 0.02077520202309393,
    "n": 39
  },
  "scene-0096": {
    "steer_rmse": 0.012501160412161883,
    "accel_rmse": 0.05829821475766264,
    "n": 39
  },
  "scene-0097": {
    "steer_rmse": 0.019627651860732027,
    "accel_rmse": 0.03999204156626037,
    "n": 39
  },
  "scene-0098": {
    "steer_rmse": 0.007157451735486491,
    "accel_rmse": 0.03546165361124727,
    "n": 39
  },
  "scene-0099": {
    "steer_rmse": 0.05048750881869427,
    "accel_rmse": 0.04995100197371316,
    "n": 39
  },
  "scene-0100": {
    "steer_rmse": 0.01560443725512383,
    "accel_rmse": 0.02131674586548931,
    "n": 40
  },
  "scene-0101": {
    "steer_rmse": 0.025933347910475146,
    "accel_rmse": 0.0536959747138556,
    "n": 40
  },
  "scene-0102": {
    "steer_rmse": 0.031331396545914714,
    "accel_rmse": 0.04288138872399703,
    "n": 40
  },
  "scene-0103": {
    "steer_rmse": 0.011281388906727604,
    "accel_rmse": 0.09391571324833974,
    "n": 40
  },
  "scene-0104": {
    "steer_rmse": 0.021326651456153596,
    "accel_rmse": 0.051117949424325876,
    "n": 39
  },
  "scene-0105": {
    "steer_rmse": 0.020645467080786552,
    "accel_rmse": 0.0455437884654206,
    "n": 39
  },
  "scene-0106": {
    "steer_rmse": 0.033625719015706185,
    "accel_rmse": 0.04544725188710948,
    "n": 40
  },
  "scene-0107": {
    "steer_rmse": 0.02449719241313604,
    "accel_rmse": 0.044498107993609474,
    "n": 40
  },
  "scene-0108": {
    "steer_rmse": 0.15585964583455786,
    "accel_rmse": 0.074173264358228,
    "n": 39
  },
  "scene-0109": {
    "steer_rmse": 0.05095984258032617,
    "accel_rmse": 0.04397770101974902,
    "n": 40
  },
  "scene-0110": {
    "steer_rmse": 0.005801024533162737,
    "accel_rmse": 0.021123053210936063,
    "n": 40
  },
  "scene-0221": {
    "steer_rmse": 0.13851397379284835,
    "accel_rmse": 0.06072252465673333,
    "n": 39
  },
  "scene-0268": {
    "steer_rmse": 0.06371287504159573,
    "accel_rmse": 0.04507847456668617,
    "n": 39
  },
  "scene-0269": {
    "steer_rmse": 0.0878370937324194,
    "accel_rmse": 0.04594684003482379,
    "n": 40
  },
  "scene-0270": {
    "steer_rmse": 0.038624944901787896,
    "accel_rmse": 0.030269452099606513,
    "n": 40
  },
  "scene-0271": {
    "steer_rmse": 0.03904426565007965,
    "accel_rmse": 0.10390495189939579,
    "n": 39
  },
  "scene-0272": {
    "steer_rmse": 0.04816149834690733,
    "accel_rmse": 0.05783447216988286,
    "n": 39
  },
  "scene-0273": {
    "steer_rmse": 0.029198058635087766,
    "accel_rmse": 0.07160261914128695,
    "n": 39
  },
  "scene-0274": {
    "steer_rmse": 0.02039747283686228,
    "accel_rmse": 0.06278483859295955,
    "n": 40
  },
  "scene-0275": {
    "steer_rmse": 0.04968192132936575,
    "accel_rmse": 0.05658073222815276,
    "n": 40
  },
  "scene-0276": {
    "steer_rmse": 0.08477177453231743,
    "accel_rmse": 0.07472163608888921,
    "n": 40
  },
  "scene-0277": {
    "steer_rmse": 0.0110824303093864,
    "accel_rmse": 0.061432929274106964,
    "n": 40
  },
  "scene-0278": {
    "steer_rmse": 0.03664767355581706,
    "accel_rmse": 0.11640673639923096,
    "n": 40
  },
  "scene-0329": {
    "steer_rmse": 0.1532898841019865,
    "accel_rmse": 0.05320874493910454,
    "n": 39
  },
  "scene-0330": {
    "steer_rmse": 0.12857425521507887,
    "accel_rmse": 0.05572214358490552,
    "n": 39
  },
  "scene-0331": {
    "steer_rmse": 0.5185552679205547,
    "accel_rmse": 0.06660550518393098,
    "n": 39
  },
  "scene-0332": {
    "steer_rmse": 0.053463484276647,
    "accel_rmse": 0.054968035617647924,
    "n": 40
  },
  "scene-0344": {
    "steer_rmse": 0.011878385249443282,
    "accel_rmse": 0.006805416244507145,
    "n": 40
  },
  "scene-0345": {
    "steer_rmse": 0.0488686741203285,
    "accel_rmse": 0.05977527833914792,
    "n": 39
  },
  "scene-0346": {
    "steer_rmse": 0.05498796614647028,
    "accel_rmse": 0.13081743840876522,
    "n": 40
  },
  "scene-0519": {
    "steer_rmse": 0.008610614868509022,
    "accel_rmse": 0.04864150918453981,
    "n": 41
  },
  "scene-0520": {
    "steer_rmse": 0.007334529340544048,
    "accel_rmse": 0.051060878398381415,
    "n": 41
  },
  "scene-0521": {
    "steer_rmse": 0.010409779881862844,
    "accel_rmse": 0.049147533603668976,
    "n": 40
  },
  "scene-0522": {
    "steer_rmse": 0.01254754361165063,
    "accel_rmse": 0.05125347496640103,
    "n": 40
  },
  "scene-0523": {
    "steer_rmse": 0.05631005607239995,
    "accel_rmse": 0.05120745253167627,
    "n": 40
  },
  "scene-0524": {
    "steer_rmse": 0.014432865774251175,
    "accel_rmse": 0.03785794331876236,
    "n": 41
  },
  "scene-0552": {
    "steer_rmse": 0.09889781735679937,
    "accel_rmse": 0.09320129344019869,
    "n": 41
  },
  "scene-0553": {
    "steer_rmse": 0.03333769336305884,
    "accel_rmse": 0.018794967261054042,
    "n": 41
  },
  "scene-0554": {
    "steer_rmse": 0.022607840294760886,
    "accel_rmse": 0.013921660145546496,
    "n": 41
  },
  "scene-0555": {
    "steer_rmse": 0.0244310176660244,
    "accel_rmse": 0.10257419882601827,
    "n": 40
  },
  "scene-0556": {
    "steer_rmse": 0.17561657556897511,
    "accel_rmse": 0.0659239398567205,
    "n": 40
  },
  "scene-0557": {
    "steer_rmse": 0.08087830714879823,
    "accel_rmse": 0.04570891093477672,
    "n": 40
  },
  "scene-0558": {
    "steer_rmse": 0.10017125122841412,
    "accel_rmse": 0.030713488453739408,
    "n": 41
  },
  "scene-0559": {
    "steer_rmse": 0.010606164453601045,
    "accel_rmse": 0.05696131241233279,
    "n": 41
  },
  "scene-0560": {
    "steer_rmse": 0.13836594408315067,
    "accel_rmse": 0.03601015651410386,
    "n": 40
  },
  "scene-0561": {
    "steer_rmse": 0.1249618619001703,
    "accel_rmse": 0.02200973728224409,
    "n": 40
  },
  "scene-0562": {
    "steer_rmse": 0.016624709945364427,
    "accel_rmse": 0.0396299635217839,
    "n": 40
  },
  "scene-0563": {
    "steer_rmse": 0.12816526258339653,
    "accel_rmse": 0.047858693386034566,
    "n": 40
  },
  "scene-0564": {
    "steer_rmse": 0.09692975860009109,
    "accel_rmse": 0.06362797949448887,
    "n": 40
  },
  "scene-0565": {
    "steer_rmse": 0.06265230222084814,
    "accel_rmse": 0.0365054129886028,
    "n": 40
  },
  "scene-0625": {
    "steer_rmse": 0.040741057533831955,