{"train_loss": [0.07547171113932653, 0.009277360128949337, 0.007598304240473102, 0.006521456467075146, 0.006051500317649195, 0.0055112470418432966, 0.005106537733294258, 0.004990624903480463, 0.0046303737649340685, 0.0043074711417944445, 0.004327674352964017, 0.0041497260656183895, 0.003968812511973098, 0.003792640876146, 0.0038016199700816765, 0.003726698466674886, 0.0037734859291093503, 0.0034917249301328174, 0.0033130665493899688, 0.003375304173162626, 0.0032124194146215773, 0.0031185780195919052, 0.0030347892418137656, 0.0030118314713699916, 0.002936893747689862, 0.0029178837905804163, 0.0028600083928363978, 0.0027908537529948373, 0.0027642458459497623, 0.002774537389618305, 0.0027273058744481395, 0.0027071213866167467, 0.00258846272517562, 0.0026129773449798245, 0.0025815512740112634, 0.0025118087442659778, 0.0025107091707780786, 0.0024182810557754376, 0.0023632634562808937, 0.002453629653913937, 0.0023171883256679323, 0.0023171539577542303, 0.0022763883234014773, 0.002202445454886157, 0.0022693663629872454, 0.002196862087672822, 0.002162381033370151, 0.002189454743007293, 0.0022409404852310614, 0.002152541159931234], "val_loss": [0.012855431198910283, 0.009067759905303847, 0.009085540255872283, 0.006827327912878009, 0.008137019165164369, 0.00643114443634763, 0.00718118947875803, 0.006865330314833658, 0.006393967602188909, 0.0073048133530793195, 0.00601416755231692, 0.0065697338921796135, 0.005393592538832659, 0.005446565497007909, 0.006439979789004694, 0.006379706209312224, 0.0065126999264709644, 0.0052341352235414935, 0.005302031256540782, 0.005347941470802219, 0.00518647589147609, 0.005058126678968316, 0.005528843331993659, 0.005119990703186125, 0.005140547531272657, 0.004465065355289404, 0.004753782958677092, 0.005373564941105169, 0.00470595200811028, 0.0045247092767294085, 0.0049618278455477215, 0.0046463023667780825, 0.004564245547779059, 0.005166319622371068, 0.005162267965832428, 0.004598023994069774, 0.004662088517606247, 0.004846142384639032, 0.004957960176045849, 0.005417736065425508, 0.004881350449186221, 0.005058447727112402, 0.004414567639387548, 0.00446937822616404, 0.004330368773815663, 0.005032677742916642, 0.004570488042439271, 0.004752917285712348, 0.004351712416478583, 0.0042102030585575425]}