{
  "scene-0003": {
    "steer_rmse": 0.13432786576252112,
    "accel_rmse": 0.06378435426308013,
    "n": 40
  },
  "scene-0012": {
    "steer_rmse": 0.0551062691806326,
    "accel_rmse": 0.05857316517090256,
    "n": 40
  },
  "scene-0013": {
    "steer_rmse": 0.03570424460746288,
    "accel_rmse": 0.03130278994605723,
    "n": 40
  },
  "scene-0014": {
    "steer_rmse": 0.07451740872696379,
    "accel_rmse": 0.058111188702927676,
    "n": 40
  },
  "scene-0015": {
    "steer_rmse": 0.04734062132162701,
    "accel_rmse": 0.048443166890672316,
    "n": 40
  },
  "scene-0016": {
    "steer_rmse": 0.21447770470924088,
    "accel_rmse": 0.055090381919534206,
    "n": 40
  },
  "scene-0017": {
    "steer_rmse": 0.1256202127276948,
    "accel_rmse": 0.06476091157418847,
    "n": 40
  },
  "scene-0018": {
    "steer_rmse": 0.5637605402992342,
    "accel_rmse": 0.060103981230035554,
    "n": 40
  },
  "scene-0035": {
    "steer_rmse": 0.0435942379350851,
    "accel_rmse": 0.05454552126152082,
    "n": 40
  },
  "scene-0036": {
    "steer_rmse": 0.05818126413510901,
    "accel_rmse": 0.02588603102366246,
    "n": 40
  },
  "scene-0038": {
    "steer_rmse": 0.1148703137688765,
    "accel_rmse": 0.052888480686491164,
    "n": 40
  },
  "scene-0039": {
    "steer_rmse": 0.03241815398970036,
    "accel_rmse": 0.07241685358772705,
    "n": 40
  },
  "scene-0092": {
    "steer_rmse": 0.029862696476310697,
    "accel_rmse": 0.027207488333563668,
    "n": 40
  },
  "scene-0093": {
    "steer_rmse": 0.09724839306466586,
    "accel_rmse": 0.0405338263406403,
    "n": 39
  },
  "scene-0094": {
    "steer_rmse": 0.01757419941671218,
    "accel_rmse": 0.042068199583323765,
    "n": 40
  },
  "scene-0095": {
    "steer_rmse": 0.009077309313500979,
    "accel_rmse": 0.051464087672881915,
    "n": 39
  },
  "scene-0096": {
    "steer_rmse": 0.05533579392407061,
    "accel_rmse": 0.08316718449502908,
    "n": 39
  },
  "scene-0097": {
    "steer_rmse": 0.030385847510724154,
    "accel_rmse": 0.08830406091704784,
    "n": 39
  },
  "scene-0098": {
    "steer_rmse": 0.03007806659158515,
    "accel_rmse": 0.037416104943760804,
    "n": 39
  },
  "scene-0099": {
    "steer_rmse": 0.09722705651572412,
    "accel_rmse": 0.07077136665245103,
    "n": 39
  },
  "scene-0100": {
    "steer_rmse": 0.0815379947334548,
    "accel_rmse": 0.0077515341800389135,
    "n": 40
  },
  "scene-0101": {
    "steer_rmse": 0.07571006710645477,
    "accel_rmse": 0.06377969705476327,
    "n": 40
  },
  "scene-0102": {
    "steer_rmse": 0.18702760685341832,
    "accel_rmse": 0.0620686269518107,
    "n": 40
  },
  "scene-0103": {
    "steer_rmse": 0.033755674446201346,
    "accel_rmse": 0.11139625280315077,
    "n": 40
  },
  "scene-0104": {
    "steer_rmse": 0.043846241700667844,
    "accel_rmse": 0.07127189240707493,
    "n": 39
  },
  "scene-0105": {
    "steer_rmse": 0.11107602600701119,
    "accel_rmse": 0.038984583676553636,
    "n": 39
  },
  "scene-0106": {
    "steer_rmse": 0.0720524831471556,
    "accel_rmse": 0.05082997034720908,
    "n": 40
  },
  "scene-0107": {
    "steer_rmse": 0.09669003217853996,
    "accel_rmse": 0.05587232649214514,
    "n": 40
  },
  "scene-0108": {
    "steer_rmse": 0.2002964933684922,
    "accel_rmse": 0.07853019505260116,
    "n": 39
  },
  "scene-0109": {
    "steer_rmse": 0.1285245585068872,
    "accel_rmse": 0.04704689524957118,
    "n": 40
  },
  "scene-0110": {
    "steer_rmse": 0.033052702532208066,
    "accel_rmse": 0.023153744472742536,
    "n": 40
  },
  "scene-0221": {
    "steer_rmse": 0.29635153368417355,
    "accel_rmse": 0.0715721619313535,
    "n": 39
  },
  "scene-0268": {
    "steer_rmse": 0.05880315888376924,
    "accel_rmse": 0.06342070189614538,
    "n": 39
  },
  "scene-0269": {
    "steer_rmse": 0.14982800200086152,
    "accel_rmse": 0.06196918182892707,
    "n": 40
  },
  "scene-0270": {
    "steer_rmse": 0.07649148407448218,
    "accel_rmse": 0.044741156822893355,
    "n": 40
  },
  "scene-0271": {
    "steer_rmse": 0.12989908512509313,
    "accel_rmse": 0.08709392471961659,
    "n": 39
  },
  "scene-0272": {
    "steer_rmse": 0.13974574750697738,
    "accel_rmse": 0.06828912349853931,
    "n": 39
  },
  "scene-0273": {
    "steer_rmse": 0.0857972085828419,
    "accel_rmse": 0.08467136737328486,
    "n": 39
  },
  "scene-0274": {
    "steer_rmse": 0.04060470237576096,
    "accel_rmse": 0.06230263365826365,
    "n": 40
  },
  "scene-0275": {
    "steer_rmse": 0.07784505207930523,
    "accel_rmse": 0.04320706930948162,
    "n": 40
  },
  "scene-0276": {
    "steer_rmse": 0.1092168072409917,
    "accel_rmse": 0.09948935675394623,
    "n": 40
  },
  "scene-0277": {
    "steer_rmse": 0.053277148514831126,
    "accel_rmse": 0.06615609474465932,
    "n": 40
  },
  "scene-0278": {
    "steer_rmse": 0.15079916271045737,
    "accel_rmse": 0.10853464685483499,
    "n": 40
  },
  "scene-0329": {
    "steer_rmse": 0.3171853409021214,
    "accel_rmse": 0.06220460728157246,
    "n": 39
  },
  "scene-0330": {
    "steer_rmse": 0.17364669749099151,
    "accel_rmse": 0.061531836754097215,
    "n": 39
  },
  "scene-0331": {
    "steer_rmse": 0.6332906250296375,
    "accel_rmse": 0.07751796176443057,
    "n": 39
  },
  "scene-0332": {
    "steer_rmse": 0.08645520050990507,
    "accel_rmse": 0.07518714467809169,
    "n": 40
  },
  "scene-0344": {
    "steer_rmse": 0.03030791321631086,
    "accel_rmse": 0.02346625346115298,
    "n": 40
  },
  "scene-0345": {
    "steer_rmse": 0.1618679877215199,
    "accel_rmse": 0.0841798429671158,
    "n": 39
  },
  "scene-0346": {
    "steer_rmse": 0.10273950986901148,
    "accel_rmse": 0.08780318999438091,
    "n": 40
  },
  "scene-0519": {
    "steer_rmse": 0.021387269903059558,
    "accel_rmse": 0.06441723699697806,
    "n": 41
  },
  "scene-0520": {
    "steer_rmse": 0.023308510606657562,
    "accel_rmse": 0.06445323685910936,
    "n": 41
  },
  "scene-0521": {
    "steer_rmse": 0.025531599290490092,
    "accel_rmse": 0.05719418673342707,
    "n": 40
  },
  "scene-0522": {
    "steer_rmse": 0.06400647221508297,
    "accel_rmse": 0.058783842045913234,
    "n": 40
  },
  "scene-0523": {
    "steer_rmse": 0.17023796877416358,
    "accel_rmse": 0.04922154097488281,
    "n": 40
  },
  "scene-0524": {
    "steer_rmse": 0.03519132696508276,
    "accel_rmse": 0.017971967054852322,
    "n": 41
  },
  "scene-0552": {
    "steer_rmse": 0.23637194535593478,
    "accel_rmse": 0.09237624228485966,
    "n": 41
  },
  "scene-0553": {
    "steer_rmse": 0.1465912032514216,
    "accel_rmse": 0.006480069301395954,
    "n": 41
  },
  "scene-0554": {
    "steer_rmse": 0.1714842771607972,
    "accel_rmse": 0.003971225383075583,
    "n": 41
  },
  "scene-0555": {
    "steer_rmse": 0.0721693538629505,
    "accel_rmse": 0.13201992843843627,
    "n": 40
  },
  "scene-0556": {
    "steer_rmse": 0.43245490739488407,
    "accel_rmse": 0.06607387579082373,
    "n": 40
  },
  "scene-0557": {
    "steer_rmse": 0.336229765856877,
    "accel_rmse": 0.07478040267840051,
    "n": 40
  },
  "scene-0558": {
    "steer_rmse": 0.40955993502807614,
    "accel_rmse": 0.06079177684927018,
    "n": 41
  },
  "scene-0559": {
    "steer_rmse": 0.028775065619868617,
    "accel_rmse": 0.05230701654316862,
    "n": 41
  },
  "scene-0560": {
    "steer_rmse": 0.043130081606969566,
    "accel_rmse": 0.06259012716601568,
    "n": 40
  },
  "scene-0561": {
    "steer_rmse": 0.14712247613340898,
    "accel_rmse": 0.05218351597039495,
    "n": 40
  },
  "scene-0562": {
    "steer_rmse": 0.06263131787736581,
    "accel_rmse": 0.04097261430820129,
    "n": 40
  },
  "scene-0563": {
    "steer_rmse": 0.1477109864417803,
    "accel_rmse": 0.05233088944638591,
    "n": 40
  },
  "scene-0564": {
    "steer_rmse": 0.3747865030042055,
    "accel_rmse": 0.05642146968849128,
    "n": 40
  },
  "scene-0565": {
    "steer_rmse": 0.2456137736741061,
    "accel_rmse": 0.044192358578141584,
    "n": 40
  },
  "scene-0625": {
    "steer_rmse": 0.061494460006743086,