{"train_loss": [0.01815338460986293, 0.01651359656971356, 0.016213305116841412, 0.01600802411312948, 0.015612169919850068, 0.015239203174072147, 0.014728785611351379, 0.01430654918443975, 0.013909308653589334, 0.013663882877852512, 0.013325377291900012, 0.012865039501884617, 0.012759779793995956, 0.012575583237029443, 0.012492363574786497, 0.012100459339984009, 0.012042223012715136, 0.011866041713996054, 0.011736847575106896, 0.011634137959925945, 0.011529569097484899, 0.011539779421176673, 0.011256408711878163, 0.011222842638520917, 0.01105101254349892, 0.010931780161855333, 0.010955992726571006, 0.010927422745605334, 0.010618563879967166, 0.010826852210941942, 0.010556681996089624, 0.010558321678131592, 0.010604988893204863, 0.010375029795137793, 0.010234599024194864, 0.010157954412584581, 0.01019649328025132, 0.010277943412343326, 0.010091025709382655, 0.010228567674824787, 0.009913447068244326, 0.009865932693093047, 0.009937039631162237, 0.009771308285321306, 0.009799124584770494, 0.0096917125744976, 0.009463631151699058, 0.009568270975129878, 0.009670329665428202, 0.009589260623958805], "val_loss": [0.020147641594770366, 0.01889374697642831, 0.01863928048072159, 0.017990311050105623, 0.01669392593296569, 0.01633900135036027, 0.014793272758735673, 0.01482850506839486, 0.014844091359026446, 0.013673856177235245, 0.01356132134311817, 0.013929268579856362, 0.01344650541244363, 0.013323707130427758, 0.013504588218349312, 0.014183985393818524, 0.012954343764985833, 0.013044676827885786, 0.012647640002269585, 0.01298598645207026, 0.013018018167048744, 0.013071764252033003, 0.013260593525881088, 0.014100661666586543, 0.014111662621291793, 0.01263831529053965, 0.013552398751153497, 0.013174381236342876, 0.012928432458582328, 0.012562562846959701, 0.012585890572679115, 0.012530949055294132, 0.013161569366931395, 0.01283749504049913, 0.01337358932339279, 0.012162081783034889, 0.012394478923893028, 0.01314952335970872, 0.013503590363456717, 0.012821437916484072, 0.013315468065233496, 0.012882903156103655, 0.012466845791350408, 0.011935623460068235, 0.012021982844055265, 0.01357949331491868, 0.014991549698616616, 0.01209164373154451, 0.01225654538798665, 0.012880249702075765]}