{
  "scene-0003": {
    "steer_rmse": 0.06264663709694412,
    "accel_rmse": 0.0665461894868672,
    "n": 40
  },
  "scene-0012": {
    "steer_rmse": 0.048452925148692934,
    "accel_rmse": 0.0576924232694946,
    "n": 40
  },
  "scene-0013": {
    "steer_rmse": 0.07340794654989714,
    "accel_rmse": 0.05501417207690502,
    "n": 40
  },
  "scene-0014": {
    "steer_rmse": 0.08913581621885808,
    "accel_rmse": 0.07584310114669233,
    "n": 40
  },
  "scene-0015": {
    "steer_rmse": 0.04867078752525279,
    "accel_rmse": 0.06957604040685503,
    "n": 40
  },
  "scene-0016": {
    "steer_rmse": 0.058483734277102475,
    "accel_rmse": 0.04208466957187417,
    "n": 40
  },
  "scene-0017": {
    "steer_rmse": 0.10254167188903206,
    "accel_rmse": 0.06009920368487391,
    "n": 40
  },
  "scene-0018": {
    "steer_rmse": 0.49667003096570966,
    "accel_rmse": 0.11704270274412336,
    "n": 40
  },
  "scene-0035": {
    "steer_rmse": 0.05483717627610981,
    "accel_rmse": 0.06449905389544003,
    "n": 40
  },
  "scene-0036": {
    "steer_rmse": 0.05239257887412662,
    "accel_rmse": 0.048904562471180274,
    "n": 40
  },
  "scene-0038": {
    "steer_rmse": 0.1051316339947088,
    "accel_rmse": 0.05996893258318858,
    "n": 40
  },
  "scene-0039": {
    "steer_rmse": 0.07144120329651132,
    "accel_rmse": 0.06001791840614464,
    "n": 40
  },
  "scene-0092": {
    "steer_rmse": 0.028436025707269233,
    "accel_rmse": 0.034295932883339285,
    "n": 40
  },
  "scene-0093": {
    "steer_rmse": 0.09421821351792939,
    "accel_rmse": 0.038819479338689615,
    "n": 39
  },
  "scene-0094": {
    "steer_rmse": 0.013620289363430595,
    "accel_rmse": 0.030490921633081203,
    "n": 40
  },
  "scene-0095": {
    "steer_rmse": 0.020631512488029215,
    "accel_rmse": 0.0849259095553184,
    "n": 39
  },
  "scene-0096": {
    "steer_rmse": 0.03488146725768443,
    "accel_rmse": 0.0875501400541124,
    "n": 39
  },
  "scene-0097": {
    "steer_rmse": 0.02337671540347281,
    "accel_rmse": 0.07120233242492663,
    "n": 39
  },
  "scene-0098": {
    "steer_rmse": 0.023217858347155597,
    "accel_rmse": 0.05706182231002053,
    "n": 39
  },
  "scene-0099": {
    "steer_rmse": 0.10765897190071332,
    "accel_rmse": 0.07330671941355019,
    "n": 39
  },
  "scene-0100": {
    "steer_rmse": 0.08633753438845242,
    "accel_rmse": 0.04718288189331038,
    "n": 40
  },
  "scene-0101": {
    "steer_rmse": 0.051684575430971304,
    "accel_rmse": 0.05987920949399491,
    "n": 40
  },
  "scene-0102": {
    "steer_rmse": 0.10447722563745974,
    "accel_rmse": 0.052585166531914945,
    "n": 40
  },
  "scene-0103": {
    "steer_rmse": 0.02735303021316078,
    "accel_rmse": 0.11492565412243147,
    "n": 40
  },
  "scene-0104": {
    "steer_rmse": 0.03620477273184698,
    "accel_rmse": 0.07292793862041524,
    "n": 39
  },
  "scene-0105": {
    "steer_rmse": 0.04582333629411718,
    "accel_rmse": 0.03718613650361505,
    "n": 39
  },
  "scene-0106": {
    "steer_rmse": 0.05174790749522409,
    "accel_rmse": 0.05485684451981627,
    "n": 40
  },
  "scene-0107": {
    "steer_rmse": 0.044716679380393566,
    "accel_rmse": 0.058798524492317344,
    "n": 40
  },
  "scene-0108": {
    "steer_rmse": 0.2336400401457842,
    "accel_rmse": 0.08231140899320499,
    "n": 39
  },
  "scene-0109": {
    "steer_rmse": 0.1420864663643166,
    "accel_rmse": 0.05957623518350613,
    "n": 40
  },
  "scene-0110": {
    "steer_rmse": 0.03550975929312943,
    "accel_rmse": 0.04260416228648816,
    "n": 40
  },
  "scene-0221": {
    "steer_rmse": 0.23680383643812652,
    "accel_rmse": 0.08885250778917679,
    "n": 39
  },
  "scene-0268": {
    "steer_rmse": 0.06381721755224772,
    "accel_rmse": 0.06687290323887116,
    "n": 39
  },
  "scene-0269": {
    "steer_rmse": 0.14659322346211334,
    "accel_rmse": 0.03975850144963019,
    "n": 40
  },
  "scene-0270": {
    "steer_rmse": 0.04439122789662953,
    "accel_rmse": 0.045778822660090715,
    "n": 40
  },
  "scene-0271": {
    "steer_rmse": 0.1266724113881215,
    "accel_rmse": 0.09718556545313621,
    "n": 39
  },
  "scene-0272": {
    "steer_rmse": 0.09937560821521123,
    "accel_rmse": 0.05577073216693207,
    "n": 39
  },
  "scene-0273": {
    "steer_rmse": 0.05365635966242198,
    "accel_rmse": 0.09012266177201698,
    "n": 39
  },
  "scene-0274": {
    "steer_rmse": 0.04219551487521649,
    "accel_rmse": 0.0856986950174231,
    "n": 40
  },
  "scene-0275": {
    "steer_rmse": 0.08581589345468395,
    "accel_rmse": 0.04598856297274241,
    "n": 40
  },
  "scene-0276": {
    "steer_rmse": 0.12083195119450793,
    "accel_rmse": 0.0900724954332855,
    "n": 40
  },
  "scene-0277": {
    "steer_rmse": 0.03905732770767874,
    "accel_rmse": 0.07736420786317137,
    "n": 40
  },
  "scene-0278": {
    "steer_rmse": 0.1472547873172093,
    "accel_rmse": 0.11533044853386389,
    "n": 40
  },
  "scene-0329": {
    "steer_rmse": 0.3219222390385891,
    "accel_rmse": 0.0579531198537015,
    "n": 39
  },
  "scene-0330": {
    "steer_rmse": 0.09006907177084994,
    "accel_rmse": 0.07886119505152313,
    "n": 39
  },
  "scene-0331": {
    "steer_rmse": 0.5708182291561887,
    "accel_rmse": 0.07235628281291236,
    "n": 39
  },
  "scene-0332": {
    "steer_rmse": 0.09557752268525853,
    "accel_rmse": 0.0947962162913314,
    "n": 40
  },
  "scene-0344": {
    "steer_rmse": 0.0637198575417842,
    "accel_rmse": 0.023762647726799657,
    "n": 40
  },
  "scene-0345": {
    "steer_rmse": 0.09504289680227668,
    "accel_rmse": 0.08085107920796393,
    "n": 39
  },
  "scene-0346": {
    "steer_rmse": 0.11335276198339525,
    "accel_rmse": 0.0761587794416517,
    "n": 40
  },
  "scene-0519": {
    "steer_rmse": 0.03975978816989667,
    "accel_rmse": 0.07063183723760563,
    "n": 41
  },
  "scene-0520": {
    "steer_rmse": 0.020082502145525608,
    "accel_rmse": 0.06458315044246354,
    "n": 41
  },
  "scene-0521": {
    "steer_rmse": 0.022066385828406584,
    "accel_rmse": 0.06573306899018042,
    "n": 40
  },
  "scene-0522": {
    "steer_rmse": 0.03603369672611957,
    "accel_rmse": 0.06315537080358204,
    "n": 40
  },
  "scene-0523": {
    "steer_rmse": 0.11721432880886729,
    "accel_rmse": 0.055271276810941586,
    "n": 40
  },
  "scene-0524": {
    "steer_rmse": 0.04190056506320369,
    "accel_rmse": 0.05395242327081366,
    "n": 41
  },
  "scene-0552": {
    "steer_rmse": 0.13071500220980775,
    "accel_rmse": 0.10410171243726919,
    "n": 41
  },
  "scene-0553": {
    "steer_rmse": 0.047180708092880254,
    "accel_rmse": 0.03655373619986324,
    "n": 41
  },
  "scene-0554": {
    "steer_rmse": 0.02654629014341615,
    "accel_rmse": 0.02099037575544132,
    "n": 41
  },
  "scene-0555": {
    "steer_rmse": 0.03764865577970472,
    "accel_rmse": 0.1288749235484567,
    "n": 40
  },
  "scene-0556": {
    "steer_rmse": 0.31618916522200796,
    "accel_rmse": 0.08731618953798476,
    "n": 40
  },
  "scene-0557": {
    "steer_rmse": 0.11664144953839405,
    "accel_rmse": 0.06776241564687704,
    "n": 40
  },
  "scene-0558": {
    "steer_rmse": 0.2883640125261135,
    "accel_rmse": 0.07432954271878026,
    "n": 41
  },
  "scene-0559": {
    "steer_rmse": 0.03275474686815207,
    "accel_rmse": 0.055874987656712206,
    "n": 41
  },
  "scene-0560": {
    "steer_rmse": 0.03514187404737821,
    "accel_rmse": 0.06713417348164581,
    "n": 40
  },
  "scene-0561": {
    "steer_rmse": 0.07921252088583458,
    "accel_rmse": 0.0642652155539275,
    "n": 40
  },
  "scene-0562": {
    "steer_rmse": 0.03400751180598658,
    "accel_rmse": 0.04501308393751203,
    "n": 40
  },
  "scene-0563": {
    "steer_rmse": 0.12575435257830997,
    "accel_rmse": 0.05430800648524702,
    "n": 40
  },
  "scene-0564": {
    "steer_rmse": 0.09774067993986,
    "accel_rmse": 0.08778459144113279,
    "n": 40
  },
  "scene-0565": {
    "steer_rmse": 0.11704150272710857,
    "accel_rmse": 0.06399241894368692,
    "n": 40
  },
  "scene-0625": {
    "steer_rmse": 0.044972881536014093,