{"train_loss": [0.05721487800990046, 0.012480508663863051, 0.009013423198110073, 0.007480089764218707, 0.006465447448437598, 0.005740562814179131, 0.005193599168849288, 0.004707896100141248, 0.0044157698960445085, 0.0041330226890539555, 0.0038898444017249683, 0.0037532654334445446, 0.003506254208114669, 0.003353957145845064, 0.0032262236952245223, 0.0030851267019306925, 0.0029690377698143562, 0.002798239493572982, 0.0027152189751059666, 0.0026503639293082187, 0.0025435821337209223, 0.0025536611512029894, 0.0023853545371895807, 0.0023039597597939248, 0.0022715940703912476, 0.002192271289083549, 0.0021577411447511593, 0.002107035050637844, 0.0020639161622645597, 0.0020469143610978868, 0.001981618350619772, 0.0019299966218700871, 0.001948197173282304, 0.001862978627780102, 0.0018664662508709401, 0.0018074935808706082, 0.0018373940960099532, 0.0017721666116248763, 0.0017805496190748944, 0.0017890324814239876, 0.0017143621877869879, 0.0016995602686703803, 0.0016588424869360627, 0.0017108732904130095, 0.0016551791904722047, 0.0016456859981446167, 0.0016308052579353414, 0.001584395192512354, 0.0015375146251007455, 0.0014882485911334542], "val_loss": [0.020046037925379383, 0.014960154527143542, 0.014106751243929839, 0.012689349116418329, 0.012411986388136568, 0.012411755098397061, 0.012344552589082375, 0.0117702170698594, 0.011981786224691256, 0.011977172055690651, 0.011652019841358913, 0.011600058536892138, 0.01147356956667305, 0.011488535623661844, 0.011846104916399813, 0.011235901509145796, 0.011262778725147339, 0.011642212959906624, 0.011126323394055893, 0.011691996995345347, 0.011589959977678397, 0.01142411565843181, 0.011649581446279094, 0.011126989017956637, 0.011183509639726577, 0.011013700330541928, 0.011470512214180797, 0.010891353130348447, 0.011145184983299345, 0.011304230687018487, 0.011248621756970865, 0.011542285295204043, 0.011032587062274802, 0.011303892128006384, 0.011577033080089776, 0.011429838473753682, 0.011110863775012015, 0.011034597554614412, 0.010936116920555131, 0.010932510415477806, 0.010951133431488225, 0.01112853463936298, 0.01096331510884967, 0.010280223952765894, 0.0106667285682036, 0.011194061537466792, 0.011228239644713102, 0.011015350975384603, 0.01092866731636209, 0.011225771524861478]}