{
  "scene-0003": {
    "steer_rmse": 0.08922576648687106,
    "accel_rmse": 0.07951014501433919,
    "n": 40
  },
  "scene-0012": {
    "steer_rmse": 0.05597357866510794,
    "accel_rmse": 0.06647754307936515,
    "n": 40
  },
  "scene-0013": {
    "steer_rmse": 0.03915227247900393,
    "accel_rmse": 0.04214697525497604,
    "n": 40
  },
  "scene-0014": {
    "steer_rmse": 0.06523159047246811,
    "accel_rmse": 0.057872817492893226,
    "n": 40
  },
  "scene-0015": {
    "steer_rmse": 0.047181363824438355,
    "accel_rmse": 0.0543450686008079,
    "n": 40
  },
  "scene-0016": {
    "steer_rmse": 0.09236773192012718,
    "accel_rmse": 0.05471670117850159,
    "n": 40
  },
  "scene-0017": {
    "steer_rmse": 0.06586772235666553,
    "accel_rmse": 0.059926235031873526,
    "n": 40
  },
  "scene-0018": {
    "steer_rmse": 0.5649074680123032,
    "accel_rmse": 0.06508341014152233,
    "n": 40
  },
  "scene-0035": {
    "steer_rmse": 0.0476583193852967,
    "accel_rmse": 0.055120753958528085,
    "n": 40
  },
  "scene-0036": {
    "steer_rmse": 0.14014039841956807,
    "accel_rmse": 0.05708430579776801,
    "n": 40
  },
  "scene-0038": {
    "steer_rmse": 0.13213119338548776,
    "accel_rmse": 0.05584716201032088,
    "n": 40
  },
  "scene-0039": {
    "steer_rmse": 0.06263199831978628,
    "accel_rmse": 0.07176893395557304,
    "n": 40
  },
  "scene-0092": {
    "steer_rmse": 0.027301460830905327,
    "accel_rmse": 0.03316433322637194,
    "n": 40
  },
  "scene-0093": {
    "steer_rmse": 0.12674375609099392,
    "accel_rmse": 0.0517316522663441,
    "n": 39
  },
  "scene-0094": {
    "steer_rmse": 0.016414169600045214,
    "accel_rmse": 0.04097045658191249,
    "n": 40
  },
  "scene-0095": {
    "steer_rmse": 0.016709478151798313,
    "accel_rmse": 0.05958366804609775,
    "n": 39
  },
  "scene-0096": {
    "steer_rmse": 0.02608331339122346,
    "accel_rmse": 0.08644526637677516,
    "n": 39
  },
  "scene-0097": {
    "steer_rmse": 0.05495315534637142,
    "accel_rmse": 0.05022049782136475,
    "n": 39
  },
  "scene-0098": {
    "steer_rmse": 0.014405202588388667,
    "accel_rmse": 0.03956399125317498,
    "n": 39
  },
  "scene-0099": {
    "steer_rmse": 0.10987015488812861,
    "accel_rmse": 0.05728421462777815,
    "n": 39
  },
  "scene-0100": {
    "steer_rmse": 0.032201862343536926,
    "accel_rmse": 0.08920726611999134,
    "n": 40
  },
  "scene-0101": {
    "steer_rmse": 0.03884586026898421,
    "accel_rmse": 0.05756367497279414,
    "n": 40
  },
  "scene-0102": {
    "steer_rmse": 0.06805590166450849,
    "accel_rmse": 0.04836328706187065,
    "n": 40
  },
  "scene-0103": {
    "steer_rmse": 0.01658982114039413,
    "accel_rmse": 0.1107052912752483,
    "n": 40
  },
  "scene-0104": {
    "steer_rmse": 0.04823271513236003,
    "accel_rmse": 0.07556413916357897,
    "n": 39
  },
  "scene-0105": {
    "steer_rmse": 0.047037718392928037,
    "accel_rmse": 0.05064619149881682,
    "n": 39
  },
  "scene-0106": {
    "steer_rmse": 0.05793766259482444,
    "accel_rmse": 0.06196494515282809,
    "n": 40
  },
  "scene-0107": {
    "steer_rmse": 0.0756153354482642,
    "accel_rmse": 0.07109632321152178,
    "n": 40
  },
  "scene-0108": {
    "steer_rmse": 0.21102309011631742,
    "accel_rmse": 0.07382695331821185,
    "n": 39
  },
  "scene-0109": {
    "steer_rmse": 0.14932098160268817,
    "accel_rmse": 0.0490190278035339,
    "n": 40
  },
  "scene-0110": {
    "steer_rmse": 0.02179572590817394,
    "accel_rmse": 0.04886499622852133,
    "n": 40
  },
  "scene-0221": {
    "steer_rmse": 0.33067579050187546,
    "accel_rmse": 0.0811926898496474,
    "n": 39
  },
  "scene-0268": {
    "steer_rmse": 0.06636370920127711,
    "accel_rmse": 0.0721836403896057,
    "n": 39
  },
  "scene-0269": {
    "steer_rmse": 0.1608467918970336,
    "accel_rmse": 0.0665849851714106,
    "n": 40
  },
  "scene-0270": {
    "steer_rmse": 0.08012235164513745,
    "accel_rmse": 0.05364593591185554,
    "n": 40
  },
  "scene-0271": {
    "steer_rmse": 0.12246549552286866,
    "accel_rmse": 0.0850689587111143,
    "n": 39
  },
  "scene-0272": {
    "steer_rmse": 0.14818032796221325,
    "accel_rmse": 0.08624675445896582,
    "n": 39
  },
  "scene-0273": {
    "steer_rmse": 0.08936287874981602,
    "accel_rmse": 0.07496399918949742,
    "n": 39
  },
  "scene-0274": {
    "steer_rmse": 0.04467027769340527,
    "accel_rmse": 0.062397560958866935,
    "n": 40
  },
  "scene-0275": {
    "steer_rmse": 0.10684088599081258,
    "accel_rmse": 0.04034661893385971,
    "n": 40
  },
  "scene-0276": {
    "steer_rmse": 0.13709676116034675,
    "accel_rmse": 0.08600658803722366,
    "n": 40
  },
  "scene-0277": {
    "steer_rmse": 0.05906062300882524,
    "accel_rmse": 0.06928994844523606,
    "n": 40
  },
  "scene-0278": {
    "steer_rmse": 0.16270640925864352,
    "accel_rmse": 0.1058889665381944,
    "n": 40
  },
  "scene-0329": {
    "steer_rmse": 0.3318672049130281,
    "accel_rmse": 0.06830101496448725,
    "n": 39
  },
  "scene-0330": {
    "steer_rmse": 0.08500097121754739,
    "accel_rmse": 0.08477980157769115,
    "n": 39
  },
  "scene-0331": {
    "steer_rmse": 0.47095499490961745,
    "accel_rmse": 0.07254741432471873,
    "n": 39
  },
  "scene-0332": {
    "steer_rmse": 0.06628676475317677,
    "accel_rmse": 0.05793645283637005,
    "n": 40
  },
  "scene-0344": {
    "steer_rmse": 0.05742763648109042,
    "accel_rmse": 0.0159150721170913,
    "n": 40
  },
  "scene-0345": {
    "steer_rmse": 0.10535162713280753,
    "accel_rmse": 0.07172722592291007,
    "n": 39
  },
  "scene-0346": {
    "steer_rmse": 0.10519221411017049,
    "accel_rmse": 0.0710669904633059,
    "n": 40
  },
  "scene-0519": {
    "steer_rmse": 0.026175645427001154,
    "accel_rmse": 0.06194598400134938,
    "n": 41
  },
  "scene-0520": {
    "steer_rmse": 0.032378407694883385,
    "accel_rmse": 0.050525989627628845,
    "n": 41
  },
  "scene-0521": {
    "steer_rmse": 0.03761597548810796,
    "accel_rmse": 0.07139819189953796,
    "n": 40
  },
  "scene-0522": {
    "steer_rmse": 0.05127579032765413,
    "accel_rmse": 0.06357629015677164,
    "n": 40
  },
  "scene-0523": {
    "steer_rmse": 0.09063748942750731,
    "accel_rmse": 0.05214442861653301,
    "n": 40
  },
  "scene-0524": {
    "steer_rmse": 0.051725543969553,
    "accel_rmse": 0.04506446332187794,
    "n": 41
  },
  "scene-0552": {
    "steer_rmse": 0.23747715565720634,
    "accel_rmse": 0.0916616003586509,
    "n": 41
  },
  "scene-0553": {
    "steer_rmse": 0.0514302795880246,
    "accel_rmse": 0.040789189296818816,
    "n": 41
  },
  "scene-0554": {
    "steer_rmse": 0.03066497691963624,
    "accel_rmse": 0.051285878966181545,
    "n": 41
  },
  "scene-0555": {
    "steer_rmse": 0.0350099929572265,
    "accel_rmse": 0.1159880258114933,
    "n": 40
  },
  "scene-0556": {
    "steer_rmse": 0.32287136873998656,
    "accel_rmse": 0.06240027630392638,
    "n": 40
  },
  "scene-0557": {
    "steer_rmse": 0.20924980017155775,
    "accel_rmse": 0.07911255463963053,
    "n": 40
  },
  "scene-0558": {
    "steer_rmse": 0.34353618439300543,
    "accel_rmse": 0.07952394867614028,
    "n": 41
  },
  "scene-0559": {
    "steer_rmse": 0.08110607732333192,
    "accel_rmse": 0.0407204938406647,
    "n": 41
  },
  "scene-0560": {
    "steer_rmse": 0.05748022151261112,
    "accel_rmse": 0.05265207234250061,
    "n": 40
  },
  "scene-0561": {
    "steer_rmse": 0.10174215324126348,
    "accel_rmse": 0.052286561318433976,
    "n": 40
  },
  "scene-0562": {
    "steer_rmse": 0.06877190552037289,
    "accel_rmse": 0.04939484164473553,
    "n": 40
  },
  "scene-0563": {
    "steer_rmse": 0.11324204235485145,
    "accel_rmse": 0.08141283801745555,
    "n": 40
  },
  "scene-0564": {
    "steer_rmse": 0.09255995596737455,
    "accel_rmse": 0.11353878195178117,
    "n": 40
  },
  "scene-0565": {
    "steer_rmse": 0.12450994710174003,
    "accel_rmse": 0.036794265236917756,
    "n": 40
  },
  "scene-0625": {
    "steer_rmse": 0.08457493181449763,