{"train_loss": [0.01841546306696657, 0.014648398480460652, 0.013026980275711858, 0.011921729511968758, 0.010929620126617204, 0.010022083645319656, 0.009199855592911723, 0.00883417700555936, 0.008128980559741834, 0.007755256760334973, 0.0074809150416904596, 0.0071064182897118905, 0.006838524802836354, 0.006566369117264151, 0.006260019480417016, 0.006146878821082709, 0.005939289908318206, 0.0057107270270514284, 0.0055587053920205486, 0.005457717963788364, 0.005262940022399566, 0.0050359084077756236, 0.004928978824725758, 0.004748343003632085, 0.004670172998912534, 0.004547982658881573, 0.00456766605629734, 0.004295283677209598, 0.004342407382004086, 0.004017482071851947, 0.003916868735855685, 0.004003790197083319, 0.003826825326473728, 0.003779782575857368, 0.00363267104212767, 0.003615200112439689, 0.003494445523366667, 0.0033380838809254727, 0.0033521283278409864, 0.0032364811902926287, 0.003168953869176518, 0.0032023078027172735, 0.0031579961671317994, 0.002981329468821205, 0.0030492042870112466, 0.0029669726511588296, 0.0028273885236956655, 0.002899033299692474, 0.002762850640248993, 0.0027037733490550813], "val_loss": [0.018113151554120587, 0.014583180667553418, 0.01443463014508517, 0.013774277819027174, 0.014730543199033217, 0.012572196593470199, 0.012651643237301917, 0.014094317349262859, 0.013590122513327056, 0.012543762456665056, 0.013443836820041, 0.013507057780623895, 0.014191051165335727, 0.014248232805780863, 0.01353480696925572, 0.012431149423339583, 0.01288978026529915, 0.01260175361790699, 0.0133519196416646, 0.013517850740774077, 0.013488256268126692, 0.014318682093876677, 0.014484196321033743, 0.01444770611998458, 0.014328064205784377, 0.014022355981416573, 0.012686176344552309, 0.01352193450824083, 0.013507793114135629, 0.01326556504398865, 0.01317845858611872, 0.01471033133915223, 0.013465291258023534, 0.013866484373424358, 0.014424491394364858, 0.013320386473490537, 0.014419899437568662, 0.012929729767135856, 0.0126545788930719, 0.012859462223035762, 0.012722888637814976, 0.012895654859679636, 0.0139384938482588, 0.013115583857270248, 0.01308542389534106, 0.013526159658918213, 0.013418816491482759, 0.012883980962919386, 0.013094161648084662, 0.013742668216971482]}