{
  "scene-0003": {
    "steer_rmse": 0.06475043336169539,
    "accel_rmse": 0.0796996010267135,
    "n": 40
  },
  "scene-0012": {
    "steer_rmse": 0.05318084903203033,
    "accel_rmse": 0.06249543451454633,
    "n": 40
  },
  "scene-0013": {
    "steer_rmse": 0.07900518665787493,
    "accel_rmse": 0.059178307762922225,
    "n": 40
  },
  "scene-0014": {
    "steer_rmse": 0.10052444580985746,
    "accel_rmse": 0.07687280723131391,
    "n": 40
  },
  "scene-0015": {
    "steer_rmse": 0.05609021775206924,
    "accel_rmse": 0.057974005645061256,
    "n": 40
  },
  "scene-0016": {
    "steer_rmse": 0.07628732035326863,
    "accel_rmse": 0.055967133993098994,
    "n": 40
  },
  "scene-0017": {
    "steer_rmse": 0.0878808247599271,
    "accel_rmse": 0.04636958052063702,
    "n": 40
  },
  "scene-0018": {
    "steer_rmse": 0.5142961566739815,
    "accel_rmse": 0.11825610778459908,
    "n": 40
  },
  "scene-0035": {
    "steer_rmse": 0.058445286630537316,
    "accel_rmse": 0.053503886438044546,
    "n": 40
  },
  "scene-0036": {
    "steer_rmse": 0.09031063030333314,
    "accel_rmse": 0.05930021274970558,
    "n": 40
  },
  "scene-0038": {
    "steer_rmse": 0.11605217264874025,
    "accel_rmse": 0.05096570388273384,
    "n": 40
  },
  "scene-0039": {
    "steer_rmse": 0.04686183476172695,
    "accel_rmse": 0.06862043299502173,
    "n": 40
  },
  "scene-0092": {
    "steer_rmse": 0.026000040085854756,
    "accel_rmse": 0.028087852386679508,
    "n": 40
  },
  "scene-0093": {
    "steer_rmse": 0.07716653594200729,
    "accel_rmse": 0.04648634931686982,
    "n": 39
  },
  "scene-0094": {
    "steer_rmse": 0.03036505478661404,
    "accel_rmse": 0.02627931623981254,
    "n": 40
  },
  "scene-0095": {
    "steer_rmse": 0.012097639730499168,
    "accel_rmse": 0.034868835394385386,
    "n": 39
  },
  "scene-0096": {
    "steer_rmse": 0.03709120215188144,
    "accel_rmse": 0.07400307795372595,
    "n": 39
  },
  "scene-0097": {
    "steer_rmse": 0.03245782901864887,
    "accel_rmse": 0.0717083287521054,
    "n": 39
  },
  "scene-0098": {
    "steer_rmse": 0.03351631228665522,
    "accel_rmse": 0.07233897287516938,
    "n": 39
  },
  "scene-0099": {
    "steer_rmse": 0.11610344237856428,
    "accel_rmse": 0.062154856425318754,
    "n": 39
  },
  "scene-0100": {
    "steer_rmse": 0.22423687413655224,
    "accel_rmse": 0.01477809343369956,
    "n": 40
  },
  "scene-0101": {
    "steer_rmse": 0.11149504416920492,
    "accel_rmse": 0.06735800975639586,
    "n": 40
  },
  "scene-0102": {
    "steer_rmse": 0.09798213549760398,
    "accel_rmse": 0.04827737310081746,
    "n": 40
  },
  "scene-0103": {
    "steer_rmse": 0.02889819134995998,
    "accel_rmse": 0.1178995814779759,
    "n": 40
  },
  "scene-0104": {
    "steer_rmse": 0.04045362052905759,
    "accel_rmse": 0.06868788800228062,
    "n": 39
  },
  "scene-0105": {
    "steer_rmse": 0.03176444409629021,
    "accel_rmse": 0.039838470886479294,
    "n": 39
  },
  "scene-0106": {
    "steer_rmse": 0.05981502104991355,
    "accel_rmse": 0.07261984018523557,
    "n": 40
  },
  "scene-0107": {
    "steer_rmse": 0.04428967108960005,
    "accel_rmse": 0.056897745759733415,
    "n": 40
  },
  "scene-0108": {
    "steer_rmse": 0.21133645571323678,
    "accel_rmse": 0.08238347312068706,
    "n": 39
  },
  "scene-0109": {
    "steer_rmse": 0.1593518202856002,
    "accel_rmse": 0.05278644577018018,
    "n": 40
  },
  "scene-0110": {
    "steer_rmse": 0.0618241896609212,
    "accel_rmse": 0.027099477792120345,
    "n": 40
  },
  "scene-0221": {
    "steer_rmse": 0.19971508315365719,
    "accel_rmse": 0.09046852000674296,
    "n": 39
  },
  "scene-0268": {
    "steer_rmse": 0.050228648995679845,
    "accel_rmse": 0.06442373824545151,
    "n": 39
  },
  "scene-0269": {
    "steer_rmse": 0.16470174561564516,
    "accel_rmse": 0.05393375585094543,
    "n": 40
  },
  "scene-0270": {
    "steer_rmse": 0.06225788598160978,
    "accel_rmse": 0.03837685515498658,
    "n": 40
  },
  "scene-0271": {
    "steer_rmse": 0.11408922996145651,
    "accel_rmse": 0.10697494719420063,
    "n": 39
  },
  "scene-0272": {
    "steer_rmse": 0.09639987679257193,
    "accel_rmse": 0.06762256448904137,
    "n": 39
  },
  "scene-0273": {
    "steer_rmse": 0.04508766917473813,
    "accel_rmse": 0.08256743506490416,
    "n": 39
  },
  "scene-0274": {
    "steer_rmse": 0.03428959021030526,
    "accel_rmse": 0.07729916577922817,
    "n": 40
  },
  "scene-0275": {
    "steer_rmse": 0.09162609139018842,
    "accel_rmse": 0.04203256034587573,
    "n": 40
  },
  "scene-0276": {
    "steer_rmse": 0.1318709950529835,
    "accel_rmse": 0.09020298352861314,
    "n": 40
  },
  "scene-0277": {
    "steer_rmse": 0.029283602426914596,
    "accel_rmse": 0.08183236583421506,
    "n": 40
  },
  "scene-0278": {
    "steer_rmse": 0.15093248087508093,
    "accel_rmse": 0.12689097619329734,
    "n": 40
  },
  "scene-0329": {
    "steer_rmse": 0.3209419485144071,
    "accel_rmse": 0.060451849443694305,
    "n": 39
  },
  "scene-0330": {
    "steer_rmse": 0.05362022990834333,
    "accel_rmse": 0.07081531614579542,
    "n": 39
  },
  "scene-0331": {
    "steer_rmse": 0.6241176844350992,
    "accel_rmse": 0.0763372831641376,
    "n": 39
  },
  "scene-0332": {
    "steer_rmse": 0.07113891656935634,
    "accel_rmse": 0.07114451855356219,
    "n": 40
  },
  "scene-0344": {
    "steer_rmse": 0.034231761018278475,
    "accel_rmse": 0.05113995004074229,
    "n": 40
  },
  "scene-0345": {
    "steer_rmse": 0.09866864557555874,
    "accel_rmse": 0.08789892543839846,
    "n": 39
  },
  "scene-0346": {
    "steer_rmse": 0.10557083932577858,
    "accel_rmse": 0.07419041051212572,
    "n": 40
  },
  "scene-0519": {
    "steer_rmse": 0.03333845797238263,
    "accel_rmse": 0.06494012682946618,
    "n": 41
  },
  "scene-0520": {
    "steer_rmse": 0.026678054142934667,
    "accel_rmse": 0.0692526577506167,
    "n": 41
  },
  "scene-0521": {
    "steer_rmse": 0.03339225249626544,
    "accel_rmse": 0.07176469385483009,
    "n": 40
  },
  "scene-0522": {
    "steer_rmse": 0.04716955379911564,
    "accel_rmse": 0.06440519234132608,
    "n": 40
  },
  "scene-0523": {
    "steer_rmse": 0.13124593446008206,
    "accel_rmse": 0.08163751956296443,
    "n": 40
  },
  "scene-0524": {
    "steer_rmse": 0.05037713978193915,
    "accel_rmse": 0.057064015263842166,
    "n": 41
  },
  "scene-0552": {
    "steer_rmse": 0.13876516973194553,
    "accel_rmse": 0.1226906164742251,
    "n": 41
  },
  "scene-0553": {
    "steer_rmse": 0.03778997322923889,
    "accel_rmse": 0.029829200563660674,
    "n": 41
  },
  "scene-0554": {
    "steer_rmse": 0.027244767208921748,
    "accel_rmse": 0.01671060208406645,
    "n": 41
  },
  "scene-0555": {
    "steer_rmse": 0.04271931401796567,
    "accel_rmse": 0.1172970569828605,
    "n": 40
  },
  "scene-0556": {
    "steer_rmse": 0.294699707046987,
    "accel_rmse": 0.08805137955565857,
    "n": 40
  },
  "scene-0557": {
    "steer_rmse": 0.10124679708662074,
    "accel_rmse": 0.07367960174043386,
    "n": 40
  },
  "scene-0558": {
    "steer_rmse": 0.30228582633334716,
    "accel_rmse": 0.06303694222801397,
    "n": 41
  },
  "scene-0559": {
    "steer_rmse": 0.03929226236896918,
    "accel_rmse": 0.05618134087686428,
    "n": 41
  },
  "scene-0560": {
    "steer_rmse": 0.05746631595961235,
    "accel_rmse": 0.06793121757313345,
    "n": 40
  },
  "scene-0561": {
    "steer_rmse": 0.10282432272765642,
    "accel_rmse": 0.054770621888548185,
    "n": 40
  },
  "scene-0562": {
    "steer_rmse": 0.02703874016110792,
    "accel_rmse": 0.04589149708982266,
    "n": 40
  },
  "scene-0563": {
    "steer_rmse": 0.11002856210648497,
    "accel_rmse": 0.06703654039436689,
    "n": 40
  },
  "scene-0564": {
    "steer_rmse": 0.08520193395657152,
    "accel_rmse": 0.08439532804939252,
    "n": 40
  },
  "scene-0565": {
    "steer_rmse": 0.13175223085455712,
    "accel_rmse": 0.03974033705533043,
    "n": 40
  },
  "scene-0625": {
    "steer_rmse": 0.04065297061212856,