{"train_loss": [0.07476835468559083, 0.014591356572712634, 0.010541851186248442, 0.008379243690232125, 0.0072039177410403174, 0.006389487366092298, 0.005691454592887484, 0.0053216757945046935, 0.004824350077421298, 0.0044958123883454375, 0.004175773285018528, 0.00400822477932979, 0.003781924839103516, 0.0036449697804837116, 0.0034556110266250896, 0.003197912509936796, 0.0031289835694342004, 0.003010097971485649, 0.0029876849162244756, 0.0028392832246756593, 0.002655903451335966, 0.00265340054311707, 0.0025690159953367063, 0.0024723185710754654, 0.0023884497442541626, 0.0023451517379218453, 0.002280699906831871, 0.002256227021729084, 0.0021516046865973615, 0.0020754420489328324, 0.002008306859057386, 0.002021107911044486, 0.0019295308141413637, 0.001903545780369255, 0.0019049547119641425, 0.001955594766266402, 0.001859995480964907, 0.001872164990076391, 0.0017972054720190912, 0.0017568832902350592, 0.0017758921044196887, 0.0017431682033066081, 0.001794249613067405, 0.0017344581269585508, 0.001642516006390959, 0.0016125411961139492, 0.0017291938688051638, 0.0016600594526165002, 0.001575449854649179, 0.001628219443029693], "val_loss": [0.020216311619710426, 0.016437882230850742, 0.0147723773561627, 0.013377701393333974, 0.01321578384357384, 0.012498109596786799, 0.012124690486249147, 0.012215715118505338, 0.012081769588154741, 0.011979046403106604, 0.012040977297215521, 0.011762102911731102, 0.011729336803821225, 0.012304092135478586, 0.011485248427699265, 0.011683125187697613, 0.011456773685963336, 0.011531861564248251, 0.011349130851312143, 0.011579304983280527, 0.011873177511122362, 0.01165957453983034, 0.011109226982295656, 0.010807145537741989, 0.010822893186449816, 0.010942903369317376, 0.011092715075631676, 0.010799103363102594, 0.010950365561392277, 0.011083269125506098, 0.011155569761411169, 0.010787923658596545, 0.010835709650487371, 0.010787455224182672, 0.010992541702595173, 0.010629582144137539, 0.010907308438945242, 0.01056984598099716, 0.010865480864178668, 0.01097371677339973, 0.010962780656706637, 0.011208774823472876, 0.010676980066112101, 0.011389357480157883, 0.0108950343328273, 0.010503333254512994, 0.01058373538946466, 0.011212353796751463, 0.011149223761409779, 0.011010620826758698]}