{
  "scene-0003": {
    "steer_rmse": 0.050269427131597724,
    "accel_rmse": 0.05561994939553569,
    "n": 40
  },
  "scene-0012": {
    "steer_rmse": 0.023799167706078792,
    "accel_rmse": 0.04586904854751719,
    "n": 40
  },
  "scene-0013": {
    "steer_rmse": 0.02013340544707857,
    "accel_rmse": 0.03240593454415414,
    "n": 40
  },
  "scene-0014": {
    "steer_rmse": 0.03099234894650332,
    "accel_rmse": 0.04338396527080846,
    "n": 40
  },
  "scene-0015": {
    "steer_rmse": 0.026376060552365892,
    "accel_rmse": 0.04367258715494509,
    "n": 40
  },
  "scene-0016": {
    "steer_rmse": 0.071224087716113,
    "accel_rmse": 0.06941353490854606,
    "n": 40
  },
  "scene-0017": {
    "steer_rmse": 0.02359522957337117,
    "accel_rmse": 0.032479022075434266,
    "n": 40
  },
  "scene-0018": {
    "steer_rmse": 0.30478773454452907,
    "accel_rmse": 0.0779912345078539,
    "n": 40
  },
  "scene-0035": {
    "steer_rmse": 0.016551783275298406,
    "accel_rmse": 0.050481248191232765,
    "n": 40
  },
  "scene-0036": {
    "steer_rmse": 0.015179649108552686,
    "accel_rmse": 0.02947818759705943,
    "n": 40
  },
  "scene-0038": {
    "steer_rmse": 0.052662330317754025,
    "accel_rmse": 0.039592677429630366,
    "n": 40
  },
  "scene-0039": {
    "steer_rmse": 0.009622344897910973,
    "accel_rmse": 0.0637467616752695,
    "n": 40
  },
  "scene-0092": {
    "steer_rmse": 0.007679552486585573,
    "accel_rmse": 0.023404134843104635,
    "n": 40
  },
  "scene-0093": {
    "steer_rmse": 0.0559814067610491,
    "accel_rmse": 0.03976598529992188,
    "n": 39
  },
  "scene-0094": {
    "steer_rmse": 0.0039985540228542355,
    "accel_rmse": 0.037948664086243936,
    "n": 40
  },
  "scene-0095": {
    "steer_rmse": 0.07480264862524828,
    "accel_rmse": 0.020082763589523055,
    "n": 39
  },
  "scene-0096": {
    "steer_rmse": 0.013446351825357068,
    "accel_rmse": 0.05928185729237498,
    "n": 39
  },
  "scene-0097": {
    "steer_rmse": 0.039366946439662105,
    "accel_rmse": 0.04451951854113862,
    "n": 39
  },
  "scene-0098": {
    "steer_rmse": 0.008022044457640019,
    "accel_rmse": 0.034068285013492385,
    "n": 39
  },
  "scene-0099": {
    "steer_rmse": 0.0580231058430017,
    "accel_rmse": 0.05780849874791028,
    "n": 39
  },
  "scene-0100": {
    "steer_rmse": 0.012561794217237523,
    "accel_rmse": 0.012389751050635814,
    "n": 40
  },
  "scene-0101": {
    "steer_rmse": 0.02297380079516216,
    "accel_rmse": 0.04706685580883946,
    "n": 40
  },
  "scene-0102": {
    "steer_rmse": 0.05012600396492199,
    "accel_rmse": 0.04745326382947853,
    "n": 40
  },
  "scene-0103": {
    "steer_rmse": 0.014325224870244112,
    "accel_rmse": 0.09438211672726934,
    "n": 40
  },
  "scene-0104": {
    "steer_rmse": 0.023725266631386435,
    "accel_rmse": 0.0665647717646654,
    "n": 39
  },
  "scene-0105": {
    "steer_rmse": 0.011903436595580116,
    "accel_rmse": 0.043392673258547884,
    "n": 39
  },
  "scene-0106": {
    "steer_rmse": 0.0487242060330146,
    "accel_rmse": 0.043085559810396676,
    "n": 40
  },
  "scene-0107": {
    "steer_rmse": 0.0234358567911825,
    "accel_rmse": 0.06012158357551755,
    "n": 40
  },
  "scene-0108": {
    "steer_rmse": 0.16336351814624767,
    "accel_rmse": 0.06745588590007652,
    "n": 39
  },
  "scene-0109": {
    "steer_rmse": 0.04772702524246589,
    "accel_rmse": 0.04237068154477642,
    "n": 40
  },
  "scene-0110": {
    "steer_rmse": 0.00567287733836727,
    "accel_rmse": 0.01915546650637459,
    "n": 40
  },
  "scene-0221": {
    "steer_rmse": 0.1224763929164588,
    "accel_rmse": 0.07803078983176139,
    "n": 39
  },
  "scene-0268": {
    "steer_rmse": 0.058487000158463254,
    "accel_rmse": 0.052885236741311084,
    "n": 39
  },
  "scene-0269": {
    "steer_rmse": 0.0603522451890271,
    "accel_rmse": 0.06480970443157251,
    "n": 40
  },
  "scene-0270": {
    "steer_rmse": 0.04564180614972607,
    "accel_rmse": 0.03672070664234715,
    "n": 40
  },
  "scene-0271": {
    "steer_rmse": 0.04238417962587154,
    "accel_rmse": 0.10490841602074918,
    "n": 39
  },
  "scene-0272": {
    "steer_rmse": 0.04630901680056196,
    "accel_rmse": 0.04677927447168189,
    "n": 39
  },
  "scene-0273": {
    "steer_rmse": 0.033085690611745315,
    "accel_rmse": 0.07613734162816622,
    "n": 39
  },
  "scene-0274": {
    "steer_rmse": 0.01925233977493861,
    "accel_rmse": 0.06585833942734776,
    "n": 40
  },
  "scene-0275": {
    "steer_rmse": 0.07225433798139892,
    "accel_rmse": 0.057382277700588576,
    "n": 40
  },
  "scene-0276": {
    "steer_rmse": 0.09502195728541478,
    "accel_rmse": 0.0787842200679983,
    "n": 40
  },
  "scene-0277": {
    "steer_rmse": 0.014791195121167895,
    "accel_rmse": 0.06718658449460219,
    "n": 40
  },
  "scene-0278": {
    "steer_rmse": 0.03201187647307556,
    "accel_rmse": 0.0976538990607862,
    "n": 40
  },
  "scene-0329": {
    "steer_rmse": 0.14563745268644054,
    "accel_rmse": 0.04992983146037853,
    "n": 39
  },
  "scene-0330": {
    "steer_rmse": 0.12653848053876363,
    "accel_rmse": 0.06064646903884876,
    "n": 39
  },
  "scene-0331": {
    "steer_rmse": 0.5537883105364184,
    "accel_rmse": 0.06886248407212536,
    "n": 39
  },
  "scene-0332": {
    "steer_rmse": 0.06677113494063326,
    "accel_rmse": 0.06068638377494382,
    "n": 40
  },
  "scene-0344": {
    "steer_rmse": 0.01734162236409384,
    "accel_rmse": 0.009922823392877807,
    "n": 40
  },
  "scene-0345": {
    "steer_rmse": 0.03935757599781249,
    "accel_rmse": 0.06091224910618755,
    "n": 39
  },
  "scene-0346": {
    "steer_rmse": 0.08366609753137524,
    "accel_rmse": 0.10703869046593432,
    "n": 40
  },
  "scene-0519": {
    "steer_rmse": 0.011705156214390833,
    "accel_rmse": 0.05527638060560383,
    "n": 41
  },
  "scene-0520": {
    "steer_rmse": 0.006557209818711317,
    "accel_rmse": 0.045713114317201736,
    "n": 41
  },
  "scene-0521": {
    "steer_rmse": 0.011712357951904746,
    "accel_rmse": 0.0583312532364074,
    "n": 40
  },
  "scene-0522": {
    "steer_rmse": 0.010482706492899946,
    "accel_rmse": 0.04963473509727726,
    "n": 40
  },
  "scene-0523": {
    "steer_rmse": 0.047239854136786545,
    "accel_rmse": 0.05039332342850189,
    "n": 40
  },
  "scene-0524": {
    "steer_rmse": 0.0163228878383437,
    "accel_rmse": 0.029560520089574674,
    "n": 41
  },
  "scene-0552": {
    "steer_rmse": 0.11001122763942452,
    "accel_rmse": 0.08027175369772481,
    "n": 41
  },
  "scene-0553": {
    "steer_rmse": 0.034984643178681024,
    "accel_rmse": 0.011593452768911562,
    "n": 41
  },
  "scene-0554": {
    "steer_rmse": 0.035541208450396794,
    "accel_rmse": 0.008290283417995615,
    "n": 41
  },
  "scene-0555": {
    "steer_rmse": 0.033728603869700544,
    "accel_rmse": 0.10290618991228048,
    "n": 40
  },
  "scene-0556": {
    "steer_rmse": 0.16802913280590837,
    "accel_rmse": 0.061753133084203736,
    "n": 40
  },
  "scene-0557": {
    "steer_rmse": 0.09854318698539337,
    "accel_rmse": 0.05234411618671932,
    "n": 40
  },
  "scene-0558": {
    "steer_rmse": 0.14037536391638203,
    "accel_rmse": 0.03447312668423778,
    "n": 41
  },
  "scene-0559": {
    "steer_rmse": 0.013929249566181488,
    "accel_rmse": 0.05418935511063885,
    "n": 41
  },
  "scene-0560": {
    "steer_rmse": 0.10970191056102627,
    "accel_rmse": 0.05208721094168015,
    "n": 40
  },
  "scene-0561": {
    "steer_rmse": 0.12577430117140598,
    "accel_rmse": 0.03590380778440391,
    "n": 40
  },
  "scene-0562": {
    "steer_rmse": 0.01186658385641714,
    "accel_rmse": 0.04538984925839868,
    "n": 40
  },
  "scene-0563": {
    "steer_rmse": 0.09835751741257218,
    "accel_rmse": 0.053298233006141685,
    "n": 40
  },
  "scene-0564": {
    "steer_rmse": 0.07657735727134313,
    "accel_rmse": 0.06021923973888619,
    "n": 40
  },
  "scene-0565": {
    "steer_rmse": 0.04336876507713046,
    "accel_rmse": 0.04463666738018087,
    "n": 40
  },