{"train_loss": [0.06047014840742191, 0.009454945000049177, 0.007312992327341139, 0.006459267937394836, 0.005950885904654771, 0.00569038227349191, 0.00506721295980827, 0.0048517568451582165, 0.004710808550812695, 0.004336912123033627, 0.004381204099942416, 0.004080790112439859, 0.003964347232486552, 0.0037853170906533883, 0.003682663076364081, 0.0035505183140653483, 0.003475228251610661, 0.003361663736725757, 0.003349196339605882, 0.0032880004848784296, 0.0032315178879271825, 0.003243042378134598, 0.0031002830321920347, 0.0030699725329690654, 0.0030151934869048725, 0.0029110262471161905, 0.0028582127392740315, 0.0027995826864022594, 0.002840225659874916, 0.0027609252230056166, 0.002686623653312536, 0.0025931604997980764, 0.0026775398515232096, 0.0026230957378688235, 0.002489053593433697, 0.0024938722075711424, 0.00249679554502244, 0.0024942612836404148, 0.0024338545303678196, 0.0024519953779230694, 0.002458796736859368, 0.002411552149103114, 0.002503111446892706, 0.0024088646984755145, 0.0024612082798680986, 0.002342265343623788, 0.002339031475376094, 0.002271225354684658, 0.002302783043891478, 0.0021768237539218508], "val_loss": [0.014136200929414788, 0.009251286046700412, 0.007205356641574518, 0.006793961773520601, 0.006721003574011128, 0.0065739756532616645, 0.006445425358218797, 0.006122763511811354, 0.005806525627713217, 0.006108447043060587, 0.006271800969069365, 0.005243120862207191, 0.0052356802850988165, 0.005270652098815904, 0.004851479122656334, 0.005243029304105814, 0.005095648136089369, 0.004739744041003773, 0.005113289215336502, 0.005123375864050813, 0.004806209513735093, 0.005051882474527945, 0.00528804806929262, 0.0049215670942664835, 0.00457793439791584, 0.004754787624559229, 0.004402001960966214, 0.004856583530933403, 0.004815570925607672, 0.005636266158144854, 0.004775297864647228, 0.005201648431767496, 0.0049086872769034525, 0.00492739568759991, 0.0046404990420991265, 0.005380454633710173, 0.004826432177118952, 0.004926049107994456, 0.0042436890383875355, 0.004405195902352505, 0.004921084757814848, 0.00489455909367874, 0.00433878417919693, 0.005544471388846948, 0.004711873299704132, 0.00477250686312138, 0.00439823490735308, 0.005820683337987053, 0.004546511570089026, 0.004391194399928547]}