encoder,steer_rmse_scene_mean,steer_ci95_lo,steer_ci95_hi,accel_rmse_scene_mean,accel_ci95_lo,accel_ci95_hi,num_scenes
clip_b32,0.103172680227576,0.0771027092421655,0.1292426512129865,0.0661689829635508,0.0563264485301412,0.0760115173969604,40
dino_vits14,0.0971793921486525,0.0701063395131651,0.1242524447841398,0.0708878250025976,0.0611389323714138,0.0806367176337815,40
vit_s16,0.1050721857657918,0.0794582355081421,0.1306861360234414,0.0724298342145492,0.0626699830621215,0.0821896853669768,40
vjepa2_rep64,0.0901680775962689,0.0606332424374287,0.119702912755109,0.0656750239785896,0.0549256557147777,0.0764243922424014,40
vq_track,0.0971793921486525,0.0701063395131651,0.1242524447841398,0.0708878250025976,0.0611389323714138,0.0806367176337815,40
