{
  "scene-0003": {
    "steer_rmse": 0.06484076249615454,
    "accel_rmse": 0.06744269044097077,
    "n": 40
  },
  "scene-0012": {
    "steer_rmse": 0.03502425236294753,
    "accel_rmse": 0.06626309607921849,
    "n": 40
  },
  "scene-0013": {
    "steer_rmse": 0.027582408645626243,
    "accel_rmse": 0.03478278966576825,
    "n": 40
  },
  "scene-0014": {
    "steer_rmse": 0.07223474146887482,
    "accel_rmse": 0.055578918331404444,
    "n": 40
  },
  "scene-0015": {
    "steer_rmse": 0.05480898805769875,
    "accel_rmse": 0.044531918317630016,
    "n": 40
  },
  "scene-0016": {
    "steer_rmse": 0.1269751565712071,
    "accel_rmse": 0.05713951855588944,
    "n": 40
  },
  "scene-0017": {
    "steer_rmse": 0.08663118674594313,
    "accel_rmse": 0.057661392385540355,
    "n": 40
  },
  "scene-0018": {
    "steer_rmse": 0.5449697568743356,
    "accel_rmse": 0.08471577226699332,
    "n": 40
  },
  "scene-0035": {
    "steer_rmse": 0.04215426190204319,
    "accel_rmse": 0.04948201607721939,
    "n": 40
  },
  "scene-0036": {
    "steer_rmse": 0.02021901118185477,
    "accel_rmse": 0.028752112960453154,
    "n": 40
  },
  "scene-0038": {
    "steer_rmse": 0.08860086462192102,
    "accel_rmse": 0.04711324635304908,
    "n": 40
  },
  "scene-0039": {
    "steer_rmse": 0.024977011534332738,
    "accel_rmse": 0.06336630640321804,
    "n": 40
  },
  "scene-0092": {
    "steer_rmse": 0.009236016184002004,
    "accel_rmse": 0.022054138686698796,
    "n": 40
  },
  "scene-0093": {
    "steer_rmse": 0.10891832973332613,
    "accel_rmse": 0.04549818731539449,
    "n": 39
  },
  "scene-0094": {
    "steer_rmse": 0.005927674473720792,
    "accel_rmse": 0.04198775415102537,
    "n": 40
  },
  "scene-0095": {
    "steer_rmse": 0.006676434929612218,
    "accel_rmse": 0.036833857465979634,
    "n": 39
  },
  "scene-0096": {
    "steer_rmse": 0.02430427452582001,
    "accel_rmse": 0.06608390105968218,
    "n": 39
  },
  "scene-0097": {
    "steer_rmse": 0.024819274101506007,
    "accel_rmse": 0.044521541385523826,
    "n": 39
  },
  "scene-0098": {
    "steer_rmse": 0.009715434577732529,
    "accel_rmse": 0.03350550733254035,
    "n": 39
  },
  "scene-0099": {
    "steer_rmse": 0.12184553377989796,
    "accel_rmse": 0.06238438494921345,
    "n": 39
  },
  "scene-0100": {
    "steer_rmse": 0.02964107276680558,
    "accel_rmse": 0.013140715676455608,
    "n": 40
  },
  "scene-0101": {
    "steer_rmse": 0.03774984165732127,
    "accel_rmse": 0.060097355010570175,
    "n": 40
  },
  "scene-0102": {
    "steer_rmse": 0.10328222981310313,
    "accel_rmse": 0.04370247829811466,
    "n": 40
  },
  "scene-0103": {
    "steer_rmse": 0.014377501514234696,
    "accel_rmse": 0.10098632828447311,
    "n": 40
  },
  "scene-0104": {
    "steer_rmse": 0.01507392164543479,
    "accel_rmse": 0.04712240602011602,
    "n": 39
  },
  "scene-0105": {
    "steer_rmse": 0.038772037279568884,
    "accel_rmse": 0.0486838721873235,
    "n": 39
  },
  "scene-0106": {
    "steer_rmse": 0.052284978950675104,
    "accel_rmse": 0.052593218567469235,
    "n": 40
  },
  "scene-0107": {
    "steer_rmse": 0.08919361744641385,
    "accel_rmse": 0.03648316860080172,
    "n": 40
  },
  "scene-0108": {
    "steer_rmse": 0.21988389831998714,
    "accel_rmse": 0.07494368613751828,
    "n": 39
  },
  "scene-0109": {
    "steer_rmse": 0.08184240486552267,
    "accel_rmse": 0.0534330138352689,
    "n": 40
  },
  "scene-0110": {
    "steer_rmse": 0.014110745093916344,
    "accel_rmse": 0.019701398184184402,
    "n": 40
  },
  "scene-0221": {
    "steer_rmse": 0.22736508151191726,
    "accel_rmse": 0.0909409925112247,
    "n": 39
  },
  "scene-0268": {
    "steer_rmse": 0.10787993280595581,
    "accel_rmse": 0.0846928783250444,
    "n": 39
  },
  "scene-0269": {
    "steer_rmse": 0.09981717391487582,
    "accel_rmse": 0.048458284857644654,
    "n": 40
  },
  "scene-0270": {
    "steer_rmse": 0.04873845106353596,
    "accel_rmse": 0.046257828789815825,
    "n": 40
  },
  "scene-0271": {
    "steer_rmse": 0.1619868922462388,
    "accel_rmse": 0.10916360761716998,
    "n": 39
  },
  "scene-0272": {
    "steer_rmse": 0.13393434591816986,
    "accel_rmse": 0.068980404273915,
    "n": 39
  },
  "scene-0273": {
    "steer_rmse": 0.07736079864043652,
    "accel_rmse": 0.07249556024513762,
    "n": 39
  },
  "scene-0274": {
    "steer_rmse": 0.020261723730771085,
    "accel_rmse": 0.06706096508129479,
    "n": 40
  },
  "scene-0275": {
    "steer_rmse": 0.07956372202991573,
    "accel_rmse": 0.055898472232288145,
    "n": 40
  },
  "scene-0276": {
    "steer_rmse": 0.10860615196683436,
    "accel_rmse": 0.08740761913164868,
    "n": 40
  },
  "scene-0277": {
    "steer_rmse": 0.024228445587060738,
    "accel_rmse": 0.06788532782111029,
    "n": 40
  },
  "scene-0278": {
    "steer_rmse": 0.1833495634536917,
    "accel_rmse": 0.10567713459070627,
    "n": 40
  },
  "scene-0329": {
    "steer_rmse": 0.3106983771285287,
    "accel_rmse": 0.06823113869240995,
    "n": 39
  },
  "scene-0330": {
    "steer_rmse": 0.07972399520175474,
    "accel_rmse": 0.05876778716836275,
    "n": 39
  },
  "scene-0331": {
    "steer_rmse": 0.5687742701202181,
    "accel_rmse": 0.06923373929660255,
    "n": 39
  },
  "scene-0332": {
    "steer_rmse": 0.06140942292426669,
    "accel_rmse": 0.06652869870795684,
    "n": 40
  },
  "scene-0344": {
    "steer_rmse": 0.014814604955006272,
    "accel_rmse": 0.015534453157679312,
    "n": 40
  },
  "scene-0345": {
    "steer_rmse": 0.13733852438706076,
    "accel_rmse": 0.0655398110566651,
    "n": 39
  },
  "scene-0346": {
    "steer_rmse": 0.0637171856645706,
    "accel_rmse": 0.10113451125375024,
    "n": 40
  },
  "scene-0519": {
    "steer_rmse": 0.020625033009762886,
    "accel_rmse": 0.04450858434103959,
    "n": 41
  },
  "scene-0520": {
    "steer_rmse": 0.01126052185482689,
    "accel_rmse": 0.048636701526676776,
    "n": 41
  },
  "scene-0521": {
    "steer_rmse": 0.014947435755950596,
    "accel_rmse": 0.05613155094811109,
    "n": 40
  },
  "scene-0522": {
    "steer_rmse": 0.020187615976533898,
    "accel_rmse": 0.06250938396826866,
    "n": 40
  },
  "scene-0523": {
    "steer_rmse": 0.074908568558496,
    "accel_rmse": 0.04516494435957396,
    "n": 40
  },
  "scene-0524": {
    "steer_rmse": 0.025782079205517148,
    "accel_rmse": 0.03438543737278218,
    "n": 41
  },
  "scene-0552": {
    "steer_rmse": 0.14633560925266864,
    "accel_rmse": 0.07714469712628884,
    "n": 41
  },
  "scene-0553": {
    "steer_rmse": 0.03177762918372771,
    "accel_rmse": 0.021962320944608718,
    "n": 41
  },
  "scene-0554": {
    "steer_rmse": 0.0424783948855161,
    "accel_rmse": 0.024345117609736,
    "n": 41
  },
  "scene-0555": {
    "steer_rmse": 0.03607597060322303,
    "accel_rmse": 0.11196598126643326,
    "n": 40
  },
  "scene-0556": {
    "steer_rmse": 0.32679586816553285,
    "accel_rmse": 0.06785228497319029,
    "n": 40
  },
  "scene-0557": {
    "steer_rmse": 0.08609417809667748,
    "accel_rmse": 0.05564228967542938,
    "n": 40
  },
  "scene-0558": {
    "steer_rmse": 0.3137830979140371,
    "accel_rmse": 0.05169380068545582,
    "n": 41
  },
  "scene-0559": {
    "steer_rmse": 0.023438055009557167,
    "accel_rmse": 0.041932390333949895,
    "n": 41
  },
  "scene-0560": {
    "steer_rmse": 0.092034891956758,
    "accel_rmse": 0.06113298861187816,
    "n": 40
  },
  "scene-0561": {
    "steer_rmse": 0.1734046108731878,
    "accel_rmse": 0.033012855220097816,
    "n": 40
  },
  "scene-0562": {
    "steer_rmse": 0.016018939322599745,
    "accel_rmse": 0.04853274374654527,
    "n": 40
  },
  "scene-0563": {
    "steer_rmse": 0.13842146611875644,
    "accel_rmse": 0.0524304751268997,
    "n": 40
  },
  "scene-0564": {
    "steer_rmse": 0.12113731795480166,
    "accel_rmse": 0.050623780412963955,
    "n": 40
  },
  "scene-0565": {
    "steer_rmse": 0.12169661037090726,
    "accel_rmse": 0.03915116771546001,
    "n": 40
  },
  "scene-0625": {
    "steer_rmse": 0.03521373432370561,