{"train_loss": [0.06924976900733956, 0.014488134865798101, 0.013001236745230689, 0.011859152987644202, 0.011156363869097114, 0.010538890791591444, 0.009954725343224469, 0.009440722962115908, 0.009215758376442139, 0.008676765821097106, 0.008204613375110269, 0.008329493073373734, 0.007605660690470627, 0.007340644278017766, 0.007196467456426897, 0.007036978559067187, 0.006824627272467919, 0.006372378860827053, 0.006439806747250632, 0.006203231688945996, 0.00597285894363987, 0.006049454008590324, 0.0062154265636532625, 0.005699048635639128, 0.005690276247590804, 0.005678022090708736, 0.00549891063061121, 0.005391363392711415, 0.005275779381630485, 0.005048030995152296, 0.00523273999534915, 0.005070772768673328, 0.004769853413526403, 0.004710115331071558, 0.004711404223816161, 0.004834659436304455, 0.004716585105418788, 0.004700201399388248, 0.004699762716270741, 0.004675614288673731, 0.004427966032314686, 0.004439661181444056, 0.004728400601112204, 0.004311252722996327, 0.004282820441286056, 0.004367139050382127, 0.004291784296740956, 0.004290470412255792, 0.0042867514265591345, 0.004404176314459643], "val_loss": [0.019656300217854562, 0.015865380465338537, 0.011770169255184171, 0.011053749051820194, 0.010902189295520684, 0.010330908825573424, 0.010015717857442883, 0.010728926743170346, 0.009746956174135568, 0.009593631157748504, 0.010488854121133082, 0.010779498828762139, 0.010402028366320102, 0.010228093024556136, 0.010067988048878986, 0.010387734110534043, 0.00982181186306738, 0.010539137899462038, 0.011050976444094088, 0.009902845585264003, 0.010509438468719382, 0.010430692819457342, 0.010513211204232079, 0.009837925784029367, 0.009360371315669335, 0.011198564092930989, 0.010549971257204771, 0.009549478907871575, 0.010072757721736547, 0.010006000314620218, 0.010183419953415236, 0.009356421494428563, 0.009633731170597869, 0.010416295569877724, 0.009190283047913349, 0.010573859813312212, 0.010164188717796403, 0.01006874849446815, 0.009790804561059758, 0.009659532126949122, 0.010698822527408995, 0.010615101993073936, 0.01025483043599785, 0.009414433832033465, 0.011736915293192585, 0.009926500721182353, 0.01026809931059357, 0.009350452991971719, 0.010257202734948177, 0.00924974311094143]}